F11.1  EXCHANGE RATES ,,,,,,,,,,,,,,,,,,,,,,,,,,,,,,,,,,,,,,,,,,,,,,,,,,,,,,,,,,,,,,,,,,,
Title,A$1=USD,Trade-weighted Index May 1970 = 100,A$1=CNY,A$1=JPY,A$1=EUR,A$1=KRW,A$1=GBP,A$1=SGD,A$1=INR,A$1=THB,A$1=NZD,A$1=TWD,A$1=MYR,A$1=IDR,A$1=VND,A$1=AED,A$1=PGK,A$1=HKD,A$1=CAD,A$1=ZAR,A$1=CHF,A$1=PHP,A$1=SDR,,,,,,,,,,,,,,,,,,,,,,,,,,,,,,,,,,,,,,,,,,,,
Description,AUD/USD Exchange Rate; see notes for further detail.,Australian Dollar Trade-weighted Index,AUD/CNY Exchange Rate,AUD/JPY Exchange Rate,AUD/EUR Exchange Rate,AUD/KRW Exchange Rate,AUD/GBP Exchange Rate,AUD/SGD Exchange Rate,AUD/INR Exchange Rate,AUD/THB Exchange Rate,AUD/NZD Exchange Rate,AUD/TWD Exchange Rate,AUD/MYR Exchange Rate,AUD/IDR Exchange Rate,AUD/VND Exchange Rate,AUD/AED Exchange Rate,AUD/PGK Exchange Rate,AUD/HKD Exchange Rate,AUD/CAD Exchange Rate,AUD/ZAR Exchange Rate,AUD/CHF Exchange Rate,AUD/PHP Exchange Rate,AUD/SDR Exchange Rate,,,,,,,,,,,,,,,,,,,,,,,,,,,,,,,,,,,,,,,,,,,,
Frequency,Daily,Daily,Daily,Daily,Daily,Daily,Daily,Daily,Daily,Daily,Daily,Daily,Daily,Daily,Daily,Daily,Daily,Daily,Daily,Daily,Daily,Daily,Daily,,,,,,,,,,,,,,,,,,,,,,,,,,,,,,,,,,,,,,,,,,,,
Type,Indicative,Indicative,Indicative,Indicative,Indicative,Indicative,Indicative,Indicative,Indicative,Indicative,Indicative,Indicative,Indicative,Indicative,Indicative,Indicative,Indicative,Indicative,Indicative,Indicative,Indicative,Indicative,Indicative,,,,,,,,,,,,,,,,,,,,,,,,,,,,,,,,,,,,,,,,,,,,
Units,USD,Index,CNY,JPY,EUR,KRW,GBP,SGD,INR,THB,NZD,TWD,MYR,IDR,VND,AED,PGK,HKD,CAD,ZAR,CHF,PHP,SDR,,,,,,,,,,,,,,,,,,,,,,,,,,,,,,,,,,,,,,,,,,,,
,,,,,,,,,,,,,,,,,,,,,,,,,,,,,,,,,,,,,,,,,,,,,,,,,,,,,,,,,,,,,,,,,,,
,,,,,,,,,,,,,,,,,,,,,,,,,,,,,,,,,,,,,,,,,,,,,,,,,,,,,,,,,,,,,,,,,,,
Source,WM/Reuters,RBA,RBA,RBA,RBA,RBA,RBA,RBA,RBA,RBA,RBA,RBA,RBA,RBA,RBA,RBA,RBA,RBA,RBA,RBA,RBA,RBA,IMF,,,,,,,,,,,,,,,,,,,,,,,,,,,,,,,,,,,,,,,,,,,,
Publication date,10-May-2024,10-May-2024,10-May-2024,10-May-2024,10-May-2024,10-May-2024,10-May-2024,10-May-2024,10-May-2024,10-May-2024,10-May-2024,10-May-2024,10-May-2024,10-May-2024,10-May-2024,01-Dec-2020,06-Jul-2022,10-May-2024,10-May-2024,28-Nov-2014,20-Dec-2023,10-May-2024,10-May-2024,,,,,,,,,,,,,,,,,,,,,,,,,,,,,,,,,,,,,,,,,,,,
Series ID,FXRUSD,FXRTWI,FXRCR,FXRJY,FXREUR,FXRSKW,FXRUKPS,FXRSD,FXRIRE,FXRTB,FXRNZD,FXRNTD,FXRMR,FXRIR,FXRVD,FXRUAED,FXRPNGK,FXRHKD,FXRCD,FXRSARD,FXRSF,FXRPHP,FXRSDR,,,,,,,,,,,,,,,,,,,,,,,,,,,,,,,,,,,,,,,,,,,,
03-Jan-2023,0.6828,61.40,4.6994,88.48,0.6400,867.16,0.5656,0.9134,56.51,23.47,1.0760,20.97,2.9975,10635,16039,,,5.3316,,,0.6310,38.07,0.5131,,,,,,,,,,,,,,,,,,,,,,,,,,,,,,,,,,,,,,,,,,,,
04-Jan-2023,0.6809,61.50,4.6906,89.08,0.6439,866.04,0.5678,0.9138,56.41,23.33,1.0851,20.88,2.9990,10634,16022,,,5.3222,,,0.6351,38.12,0.5120,,,,,,,,,,,,,,,,,,,,,,,,,,,,,,,,,,,,,,,,,,,,
05-Jan-2023,0.6815,61.50,4.6916,90.17,0.6426,865.90,0.5661,0.9145,56.41,23.08,1.0852,20.92,3.0000,10644,16002,,,5.3276,,,0.6341,38.12,0.5106,,,,,,,,,,,,,,,,,,,,,,,,,,,,,,,,,,,,,,,,,,,,
06-Jan-2023,0.6769,61.20,4.6378,90.63,0.6431,856.58,0.5677,0.9100,55.92,23.00,1.0839,20.79,2.9753,10582,15887,,,5.2853,,,0.6338,37.66,0.5077,,,,,,,,,,,,,,,,,,,,,,,,,,,,,,,,,,,,,,,,,,,,
09-Jan-2023,0.6929,62.00,4.7029,91.25,0.6490,862.65,0.5707,0.9221,57.08,23.22,1.0830,21.15,3.0325,10794,16252,,,5.4091,,,0.6415,38.20,0.5224,,,,,,,,,,,,,,,,,,,,,,,,,,,,,,,,,,,,,,,,,,,,
10-Jan-2023,0.6904,61.70,4.6750,91.13,0.6434,857.24,0.5678,0.9196,56.77,23.08,1.0833,21.03,3.0205,10763,16190,,,5.3909,,,0.6364,37.88,0.5156,,,,,,,,,,,,,,,,,,,,,,,,,,,,,,,,,,,,,,,,,,,,
11-Jan-2023,0.6911,61.70,4.6803,91.43,0.6435,860.03,0.5684,0.9192,56.50,23.12,1.0832,21.04,3.0225,10691,16206,,,5.3985,,,0.6373,37.96,0.5152,,,,,,,,,,,,,,,,,,,,,,,,,,,,,,,,,,,,,,,,,,,,
12-Jan-2023,0.6923,61.70,4.6780,91.00,0.6427,861.73,0.5690,0.9209,56.52,23.10,1.0854,21.07,3.0236,10616,16231,,,5.4082,,,0.6444,38.20,0.5161,,,,,,,,,,,,,,,,,,,,,,,,,,,,,,,,,,,,,,,,,,,,
13-Jan-2023,0.6955,61.70,4.6815,89.87,0.6416,864.99,0.5705,0.9206,56.63,23.08,1.0913,21.14,3.0185,10559,16305,,,5.4322,,,0.6465,38.32,0.5174,,,,,,,,,,,,,,,,,,,,,,,,,,,,,,,,,,,,,,,,,,,,
16-Jan-2023,0.6988,61.70,4.6820,89.22,0.6439,863.33,0.5700,0.9205,56.85,22.95,1.0910,21.17,3.0136,10509,16378,,,5.4571,,,0.6458,38.13,0.5182,,,,,,,,,,,,,,,,,,,,,,,,,,,,,,,,,,,,,,,,,,,,
17-Jan-2023,0.6973,61.90,4.7156,89.73,0.6441,862.78,0.5718,0.9216,57.04,23.05,1.0892,21.15,3.0176,10561,16343,,,5.4504,,,0.6453,38.16,0.5171,,,,,,,,,,,,,,,,,,,,,,,,,,,,,,,,,,,,,,,,,,,,
18-Jan-2023,0.6994,62.30,4.7430,91.86,0.6492,868.97,0.5694,0.9259,57.15,23.16,1.0838,21.21,3.0305,10579,16390,,,5.4727,,,0.6456,38.38,0.5185,,,,,,,,,,,,,,,,,,,,,,,,,,,,,,,,,,,,,,,,,,,,
19-Jan-2023,0.6904,61.20,4.6743,88.39,0.6395,853.10,0.5598,0.9130,56.18,22.82,1.0756,20.98,2.9794,10427,16197,,,5.4040,,,0.6323,37.70,0.5115,,,,,,,,,,,,,,,,,,,,,,,,,,,,,,,,,,,,,,,,,,,,
20-Jan-2023,0.6918,61.40,4.6963,89.28,0.6387,855.24,0.5593,0.9155,56.21,22.77,1.0799,21.01,2.9712,10459,16219,,,5.4189,,,0.6344,37.77,0.5128,,,,,,,,,,,,,,,,,,,,,,,,,,,,,,,,,,,,,,,,,,,,
23-Jan-2023,0.6983,61.90,4.7376,90.50,0.6409,862.78,0.5620,0.9197,56.62,22.82,1.0781,21.21,2.9922,10527,16371,,,5.4670,,,0.6410,37.98,0.5179,,,,,,,,,,,,,,,,,,,,,,,,,,,,,,,,,,,,,,,,,,,,
24-Jan-2023,0.7033,62.40,4.7715,91.65,0.6468,868.96,0.5679,0.9277,57.43,23.07,1.0822,21.36,3.0136,10509,16488,,,5.5078,,,0.6482,38.36,0.5209,,,,,,,,,,,,,,,,,,,,,,,,,,,,,,,,,,,,,,,,,,,,
25-Jan-2023,0.7102,63.00,4.8184,92.65,0.6516,875.80,0.5762,0.9362,57.92,23.33,1.0941,21.57,3.0354,10628,16650,,,5.5616,,,0.6553,38.81,0.5263,,,,,,,,,,,,,,,,,,,,,,,,,,,,,,,,,,,,,,,,,,,,
27-Jan-2023,0.7107,63.00,4.8217,92.41,0.6540,875.32,0.5741,0.9345,57.99,23.37,1.0954,21.58,3.0095,10645,16666,,,5.5652,,,0.6555,38.66,0.5254,,,,,,,,,,,,,,,,,,,,,,,,,,,,,,,,,,,,,,,,,,,,
30-Jan-2023,0.7092,62.70,4.7864,91.84,0.6521,870.86,0.5718,0.9309,57.92,23.21,1.0917,21.38,3.0052,10617,16633,,,5.5542,,,0.6528,38.64,0.5249,,,,,,,,,,,,,,,,,,,,,,,,,,,,,,,,,,,,,,,,,,,,
31-Jan-2023,0.7037,62.40,4.7547,91.69,0.6488,866.47,0.5702,0.9249,57.49,23.05,1.0912,21.15,2.9907,10542,16500,,,5.5145,,,0.6509,38.36,0.5206,,,,,,,,,,,,,,,,,,,,,,,,,,,,,,,,,,,,,,,,,,,,
01-Feb-2023,0.7068,62.60,4.7705,92.06,0.6504,870.37,0.5739,0.9290,57.84,23.27,1.0982,21.20,3.0177,10589,16574,,,5.5426,,,0.6476,38.60,0.5242,,,,,,,,,,,,,,,,,,,,,,,,,,,,,,,,,,,,,,,,,,,,
02-Feb-2023,0.7150,62.90,4.7982,91.84,0.6488,871.26,0.5771,0.9324,58.47,23.40,1.0943,21.20,3.0312,10621,16767,,,5.6068,,,0.6486,38.53,0.5290,,,,,,,,,,,,,,,,,,,,,,,,,,,,,,,,,,,,,,,,,,,,
03-Feb-2023,0.7062,62.40,4.7636,90.78,0.6483,867.43,0.5783,0.9265,58.09,23.28,1.0910,20.95,3.0141,10519,16560,,,5.5408,,,0.6457,37.89,0.5203,,,,,,,,,,,,,,,,,,,,,,,,,,,,,,,,,,,,,,,,,,,,
06-Feb-2023,0.6943,61.90,4.7062,91.44,0.6431,866.51,0.5758,0.9186,57.25,23.24,1.0968,20.79,2.9568,10446,16308,,,5.4489,,,0.6425,37.67,0.5129,,,,,,,,,,,,,,,,,,,,,,,,,,,,,,,,,,,,,,,,,,,,
07-Feb-2023,0.6931,62.00,4.7032,91.68,0.6458,871.19,0.5756,0.9202,57.35,23.31,1.0967,20.83,2.9786,10499,16314,,,5.4392,,,0.6425,38.02,0.5166,,,,,,,,,,,,,,,,,,,,,,,,,,,,,,,,,,,,,,,,,,,,
08-Feb-2023,0.6964,62.20,4.7208,91.33,0.6488,876.07,0.5777,0.9225,57.54,23.34,1.1007,20.93,2.9935,10525,16430,,,5.4660,,,0.6418,38.23,0.5202,,,,,,,,,,,,,,,,,,,,,,,,,,,,,,,,,,,,,,,,,,,,
09-Feb-2023,0.6954,62.20,4.7204,91.40,0.6480,878.82,0.5754,0.9220,57.46,23.34,1.0963,20.94,2.9954,10517,16425,,,5.4585,,,0.6396,38.14,0.5182,,,,,,,,,,,,,,,,,,,,,,,,,,,,,,,,,,,,,,,,,,,,
10-Feb-2023,0.6923,62.00,4.7125,91.19,0.6459,875.89,0.5724,0.9201,57.16,23.34,1.0978,20.89,2.9980,10485,16328,,,5.4345,,,0.6394,37.77,0.5153,,,,,,,,,,,,,,,,,,,,,,,,,,,,,,,,,,,,,,,,,,,,
13-Feb-2023,0.6908,62.10,4.7195,91.28,0.6475,882.54,0.5736,0.9207,57.15,23.38,1.0956,20.90,3.0133,10511,16284,,,5.4228,,,0.6393,37.88,0.5155,,,,,,,,,,,,,,,,,,,,,,,,,,,,,,,,,,,,,,,,,,,,
14-Feb-2023,0.6975,62.50,4.7534,92.06,0.6495,884.07,0.5741,0.9257,57.67,23.58,1.0986,21.06,3.0331,10580,16468,,,5.4753,,,0.6403,38.19,0.5217,,,,,,,,,,,,,,,,,,,,,,,,,,,,,,,,,,,,,,,,,,,,
15-Feb-2023,0.6937,62.50,4.7482,92.34,0.6472,890.57,0.5707,0.9244,57.48,23.68,1.1006,21.05,3.0405,10546,16387,,,5.4442,,,0.6403,38.26,0.5170,,,,,,,,,,,,,,,,,,,,,,,,,,,,,,,,,,,,,,,,,,,,
16-Feb-2023,0.6922,62.40,4.7411,92.65,0.6464,887.75,0.5745,0.9233,57.21,23.71,1.0984,20.95,3.0446,10506,16354,,,5.4329,,,0.6383,38.16,0.5176,,,,,,,,,,,,,,,,,,,,,,,,,,,,,,,,,,,,,,,,,,,,
17-Feb-2023,0.6843,62.00,4.7064,92.15,0.6432,889.45,0.5726,0.9168,56.62,23.65,1.0998,20.80,3.0328,10397,16283,,,5.3710,,,0.6357,37.84,0.5120,,,,,,,,,,,,,,,,,,,,,,,,,,,,,,,,,,,,,,,,,,,,
20-Feb-2023,0.6892,62.30,4.7309,92.39,0.6449,892.18,0.5728,0.9209,57.01,23.67,1.1040,20.94,3.0521,10453,16344,,,5.3957,,,0.6372,38.00,0.5178,,,,,,,,,,,,,,,,,,,,,,,,,,,,,,,,,,,,,,,,,,,,
21-Feb-2023,0.6896,62.40,4.7384,92.64,0.6463,893.09,0.5733,0.9225,57.07,23.85,1.1044,20.97,3.0563,10467,16361,,,5.4069,,,0.6369,37.93,0.5181,,,,,,,,,,,,,,,,,,,,,,,,,,,,,,,,,,,,,,,,,,,,
22-Feb-2023,0.6839,62.00,4.7141,92.26,0.6417,892.07,0.5648,0.9160,56.63,23.70,1.0983,20.87,3.0341,10406,16239,,,5.3654,,,0.6336,37.68,0.5127,,,,,,,,,,,,,,,,,,,,,,,,,,,,,,,,,,,,,,,,,,,,
23-Feb-2023,0.6830,61.90,4.7007,92.05,0.6430,884.83,0.5662,0.9139,56.53,23.60,1.0928,20.72,3.0281,10371,16272,,,5.3579,,,0.6347,37.59,0.5127,,,,,,,,,,,,,,,,,,,,,,,,,,,,,,,,,,,,,,,,,,,,
24-Feb-2023,0.6814,62.00,4.7208,91.76,0.6428,888.51,0.5668,0.9154,56.38,23.73,1.0927,20.78,3.0212,10370,16213,,,5.3472,,,0.6364,37.42,0.5121,,,,,,,,,,,,,,,,,,,,,,,,,,,,,,,,,,,,,,,,,,,,
27-Feb-2023,0.6711,61.40,4.6775,91.49,0.6361,885.42,0.5616,0.9063,55.66,23.57,1.0923,20.45,3.0028,10253,15982,,,5.2661,,,0.6316,37.25,0.5054,,,,,,,,,,,,,,,,,,,,,,,,,,,,,,,,,,,,,,,,,,,,
28-Feb-2023,0.6730,61.40,4.6690,91.68,0.6354,890.12,0.5586,0.9076,55.66,23.63,1.0932,20.51,3.0183,10257,16004,,,5.2816,,,0.6303,37.16,0.5074,,,,,,,,,,,,,,,,,,,,,,,,,,,,,,,,,,,,,,,,,,,,
01-Mar-2023,0.6750,61.60,4.6666,92.08,0.6375,893.07,0.5606,0.9091,55.72,23.65,1.0875,20.67,3.0284,10296,16058,,,5.2985,,,0.6350,37.13,0.5080,,,,,,,,,,,,,,,,,,,,,,,,,,,,,,,,,,,,,,,,,,,,
02-Mar-2023,0.6746,61.40,4.6506,92.04,0.6334,884.95,0.5619,0.9075,55.69,23.48,1.0827,20.68,3.0200,10301,15995,,,5.2953,,,0.6355,37.15,0.5057,,,,,,,,,,,,,,,,,,,,,,,,,,,,,,,,,,,,,,,,,,,,
03-Mar-2023,0.6744,61.40,4.6569,92.20,0.6357,880.04,0.5635,0.9084,55.53,23.47,1.0835,20.67,3.0203,10328,15999,,,5.2938,,,0.6347,37.02,0.5071,,,,,,,,,,,,,,,,,,,,,,,,,,,,,,,,,,,,,,,,,,,,
06-Mar-2023,0.6756,61.40,4.6694,91.64,0.6347,876.20,0.5614,0.9085,55.27,23.44,1.0874,20.65,3.0181,10333,16015,,,5.3034,,,0.6322,37.05,0.5080,,,,,,,,,,,,,,,,,,,,,,,,,,,,,,,,,,,,,,,,,,,,
07-Mar-2023,0.6713,61.10,4.6561,91.30,0.6280,871.62,0.5573,0.9028,54.99,23.15,1.0820,20.53,3.0054,10308,15880,,,5.2696,,,0.6242,36.98,0.5048,,,,,,,,,,,,,,,,,,,,,,,,,,,,,,,,,,,,,,,,,,,,
08-Mar-2023,0.6591,60.50,4.5964,90.84,0.6256,871.08,0.5575,0.8936,54.12,23.13,1.0807,20.29,2.9808,10182,15657,,,5.1739,,,0.6217,36.53,0.4954,,,,,,,,,,,,,,,,,,,,,,,,,,,,,,,,,,,,,,,,,,,,
09-Mar-2023,0.6610,60.50,4.6061,90.42,0.6264,872.75,0.5576,0.8949,54.11,23.17,1.0794,20.35,2.9896,10198,15674,,,5.1889,,,0.6215,36.53,0.4995,,,,,,,,,,,,,,,,,,,,,,,,,,,,,,,,,,,,,,,,,,,,
10-Mar-2023,0.6599,60.40,4.5963,90.12,0.6228,876.27,0.5532,0.8942,54.13,23.16,1.0802,20.38,2.9814,10204,15630,,,5.1800,,,0.6132,36.42,0.4977,,,,,,,,,,,,,,,,,,,,,,,,,,,,,,,,,,,,,,,,,,,,
13-Mar-2023,0.6665,60.30,4.5854,89.41,0.6219,867.43,0.5501,0.8960,54.59,23.04,1.0757,20.38,2.9879,10239,15699,,,5.2294,,,0.6112,36.59,0.5022,,,,,,,,,,,,,,,,,,,,,,,,,,,,,,,,,,,,,,,,,,,,
14-Mar-2023,0.6649,60.20,4.5694,89.02,0.6213,868.67,0.5470,0.8962,54.80,22.97,1.0707,20.26,2.9807,10221,15678,,,5.2160,,,0.6079,36.58,0.4977,,,,,,,,,,,,,,,,,,,,,,,,,,,,,,,,,,,,,,,,,,,,
15-Mar-2023,0.6692,60.60,4.6070,90.03,0.6228,871.16,0.5501,0.8983,55.18,23.09,1.0754,20.47,2.9930,10284,15786,,,5.2531,,,0.6116,36.73,0.5004,,,,,,,,,,,,,,,,,,,,,,,,,,,,,,,,,,,,,,,,,,,,
16-Mar-2023,0.6637,60.20,4.5807,88.13,0.6260,870.28,0.5495,0.8964,54.87,22.89,1.0771,20.33,2.9913,10218,15650,,,5.2091,,,0.6173,36.46,0.4986,,,,,,,,,,,,,,,,,,,,,,,,,,,,,,,,,,,,,,,,,,,,
17-Mar-2023,0.6714,60.70,4.6094,89.34,0.6305,872.91,0.5527,0.9008,55.40,22.96,1.0756,20.50,3.0082,10306,15838,,,5.2700,,,0.6221,36.69,0.5037,,,,,,,,,,,,,,,,,,,,,,,,,,,,,,,,,,,,,,,,,,,,
20-Mar-2023,0.6683,60.50,4.6129,88.05,0.6263,877.41,0.5486,0.8968,55.16,22.84,1.0691,20.42,2.9977,10277,15761,,,5.2446,,,0.6188,36.54,0.5008,,,,,,,,,,,,,,,,,,,,,,,,,,,,,,,,,,,,,,,,,,,,
21-Mar-2023,0.6691,60.40,4.6051,87.83,0.6246,876.15,0.5460,0.8962,55.29,22.93,1.0769,20.45,2.9959,10276,15782,,,5.2455,,,0.6221,36.41,0.4994,,,,,,,,,,,,,,,,,,,,,,,,,,,,,,,,,,,,,,,,,,,,
22-Mar-2023,0.6695,60.50,4.6106,88.70,0.6216,875.95,0.5473,0.8949,55.35,23.04,1.0798,20.41,2.9917,10273,15740,,,5.2538,,,0.6179,36.61,0.4990,,,,,,,,,,,,,,,,,,,,,,,,,,,,,,,,,,,,,,,,,,,,
23-Mar-2023,0.6741,60.40,4.6046,88.13,0.6182,862.30,0.5470,0.8926,55.44,22.99,1.0731,20.44,2.9822,10344,15848,,,5.2907,,,0.6170,36.71,0.5023,,,,,,,,,,,,,,,,,,,,,,,,,,,,,,,,,,,,,,,,,,,,
24-Mar-2023,0.6687,60.00,4.5769,87.01,0.6172,861.58,0.5443,0.8878,54.98,22.80,1.0720,20.28,2.9600,10151,15711,,,5.2488,,,0.6123,36.31,0.4962,,,,,,,,,,,,,,,,,,,,,,,,,,,,,,,,,,,,,,,,,,,,
27-Mar-2023,0.6650,59.90,4.5745,86.92,0.6176,864.15,0.5434,0.8868,54.73,22.84,1.0722,20.18,2.9450,10091,15634,,,5.2201,,,0.6109,36.18,0.4957,,,,,,,,,,,,,,,,,,,,,,,,,,,,,,,,,,,,,,,,,,,,
28-Mar-2023,0.6689,60.20,4.6037,87.37,0.6187,868.75,0.5431,0.8887,54.99,22.94,1.0738,20.29,2.9415,10094,15722,,,5.2507,,,0.6115,36.38,0.4985,,,,,,,,,,,,,,,,,,,,,,,,,,,,,,,,,,,,,,,,,,,,
29-Mar-2023,0.6703,60.30,4.6158,88.28,0.6184,871.42,0.5437,0.8906,55.16,22.99,1.0708,20.41,2.9499,10115,15742,,,5.2615,,,0.6171,36.48,0.4985,,,,,,,,,,,,,,,,,,,,,,,,,,,,,,,,,,,,,,,,,,,,
30-Mar-2023,0.6687,60.30,4.6074,88.66,0.6169,871.68,0.5431,0.8893,55.06,22.90,1.0756,20.38,2.9597,10068,15698,,,5.2492,,,0.6145,36.38,0.4970,,,,,,,,,,,,,,,,,,,,,,,,,,,,,,,,,,,,,,,,,,,,
31-Mar-2023,0.6712,60.30,4.6051,89.10,0.6156,869.30,0.5415,0.8908,55.18,22.90,1.0683,20.44,2.9597,10051,15748,,,5.2688,,,0.6135,36.45,0.4988,,,,,,,,,,,,,,,,,,,,,,,,,,,,,,,,,,,,,,,,,,,,
03-Apr-2023,0.6663,60.20,4.5912,88.95,0.6172,878.25,0.5425,0.8889,54.92,22.97,1.0723,20.29,2.9469,9991,15645,,,5.2305,,,0.6124,36.34,0.4953,,,,,,,,,,,,,,,,,,,,,,,,,,,,,,,,,,,,,,,,,,,,
04-Apr-2023,0.6765,61.00,4.6570,89.90,0.6214,890.26,0.5455,0.8985,55.70,23.19,1.0743,20.60,2.9820,10085,15877,,,5.3101,,,0.6185,36.92,0.5030,,,,,,,,,,,,,,,,,,,,,,,,,,,,,,,,,,,,,,,,,,,,
05-Apr-2023,0.6736,60.50,4.6339,88.61,0.6148,882.36,0.5392,0.8925,55.36,22.86,1.0616,20.51,2.9617,10050,15803,,,5.2876,,,0.6100,36.62,0.4996,,,,,,,,,,,,,,,,,,,,,,,,,,,,,,,,,,,,,,,,,,,,
06-Apr-2023,0.6694,60.20,4.6061,87.85,0.6144,883.04,0.5376,0.8902,54.87,22.67,1.0654,20.43,2.9484,9993,15698,,,5.2547,,,0.6071,36.43,0.4959,,,,,,,,,,,,,,,,,,,,,,,,,,,,,,,,,,,,,,,,,,,,
11-Apr-2023,0.6677,60.20,4.5966,88.98,0.6128,881.97,0.5377,0.8885,54.79,22.90,1.0719,20.35,2.9489,9933,15657,,,5.2414,,,0.6057,36.51,0.4954,,,,,,,,,,,,,,,,,,,,,,,,,,,,,,,,,,,,,,,,,,,,
12-Apr-2023,0.6671,60.20,4.5940,89.26,0.6101,884.15,0.5361,0.8885,54.73,22.82,1.0763,20.37,2.9456,9907,15642,,,5.2367,,,0.6017,36.74,0.4949,,,,,,,,,,,,,,,,,,,,,,,,,,,,,,,,,,,,,,,,,,,,
13-Apr-2023,0.6701,60.30,4.6068,89.33,0.6101,880.41,0.5367,0.8896,54.94,22.95,1.0792,20.46,2.9505,9907,15709,,,5.2602,,,0.6013,37.09,0.4974,,,,,,,,,,,,,,,,,,,,,,,,,,,,,,,,,,,,,,,,,,,,
14-Apr-2023,0.6783,60.70,4.6385,89.85,0.6125,880.80,0.5409,0.8987,55.52,23.23,1.0744,20.61,2.9777,9947,15903,,,5.3246,,,0.6019,37.46,0.5018,,,,,,,,,,,,,,,,,,,,,,,,,,,,,,,,,,,,,,,,,,,,
17-Apr-2023,0.6715,60.50,4.6141,89.94,0.6111,880.80,0.5407,0.8939,55.04,23.05,1.0832,20.47,2.9674,9926,15769,,,5.2712,,,0.6000,37.40,0.4957,,,,,,,,,,,,,,,,,,,,,,,,,,,,,,,,,,,,,,,,,,,,
18-Apr-2023,0.6733,60.80,4.6265,90.46,0.6153,887.13,0.5433,0.8979,55.25,23.19,1.0868,20.54,2.9884,10001,15831,,,5.2853,,,0.6044,37.83,0.4990,,,,,,,,,,,,,,,,,,,,,,,,,,,,,,,,,,,,,,,,,,,,
19-Apr-2023,0.6727,60.70,4.6304,90.45,0.6137,888.40,0.5422,0.8972,55.23,23.17,1.0854,20.56,2.9811,9986,15812,,,5.2803,,,0.6039,37.73,0.4986,,,,,,,,,,,,,,,,,,,,,,,,,,,,,,,,,,,,,,,,,,,,
20-Apr-2023,0.6715,60.70,4.6256,90.45,0.6126,890.13,0.5399,0.8960,55.19,23.12,1.0889,20.55,2.9788,9968,15785,,,5.2711,,,0.6018,37.83,0.4988,,,,,,,,,,,,,,,,,,,,,,,,,,,,,,,,,,,,,,,,,,,,
21-Apr-2023,0.6708,60.60,4.6201,89.76,0.6120,890.62,0.5394,0.8946,55.10,23.04,1.0900,20.54,2.9765,9958,15759,,,5.2646,,,0.5994,37.58,0.4974,,,,,,,,,,,,,,,,,,,,,,,,,,,,,,,,,,,,,,,,,,,,
24-Apr-2023,0.6676,60.40,4.6062,89.71,0.6081,891.25,0.5372,0.8920,54.79,23.03,1.0894,20.47,2.9623,9911,15676,,,5.2391,,,0.5956,37.37,0.4952,,,,,,,,,,,,,,,,,,,,,,,,,,,,,,,,,,,,,,,,,,,,
26-Apr-2023,0.6609,59.80,4.5739,88.32,0.6014,883.26,0.5318,0.8838,54.15,22.64,1.0776,20.30,2.9483,9839,15521,,,5.1879,,,0.5887,36.73,0.4897,,,,,,,,,,,,,,,,,,,,,,,,,,,,,,,,,,,,,,,,,,,,
27-Apr-2023,0.6627,59.90,4.5836,88.58,0.5992,887.46,0.5308,0.8844,54.12,22.60,1.0777,20.33,2.9537,9752,15554,,,5.2021,,,0.5901,36.94,0.4904,,,,,,,,,,,,,,,,,,,,,,,,,,,,,,,,,,,,,,,,,,,,
28-Apr-2023,0.6610,59.80,4.5709,89.22,0.6002,884.79,0.5301,0.8828,54.02,22.58,1.0764,20.33,2.9467,9676,15507,,,5.1888,,,0.5915,36.70,0.4892,,,,,,,,,,,,,,,,,,,,,,,,,,,,,,,,,,,,,,,,,,,,
01-May-2023,0.6639,60.20,4.5893,90.90,0.6032,888.63,0.5288,0.8859,54.30,22.67,1.0729,20.41,2.9625,9739,15578,,,5.2115,,,0.5938,36.75,0.4929,,,,,,,,,,,,,,,,,,,,,,,,,,,,,,,,,,,,,,,,,,,,
02-May-2023,0.6705,60.80,4.6349,92.28,0.6105,898.50,0.5366,0.8955,54.83,22.92,1.0825,20.64,2.9888,9858,15733,,,5.2634,,,0.6006,37.08,0.4975,,,,,,,,,,,,,,,,,,,,,,,,,,,,,,,,,,,,,,,,,,,,
03-May-2023,0.6664,60.30,4.6066,90.60,0.6047,890.70,0.5336,0.8890,54.53,22.69,1.0693,20.49,2.9715,9804,15636,,,5.2312,,,0.5940,36.88,0.4956,,,,,,,,,,,,,,,,,,,,,,,,,,,,,,,,,,,,,,,,,,,,
04-May-2023,0.6690,60.30,4.6174,89.95,0.6036,885.48,0.5315,0.8881,54.67,22.77,1.0707,20.52,2.9805,9790,15687,,,5.2514,,,0.5907,36.96,0.4957,,,,,,,,,,,,,,,,,,,,,,,,,,,,,,,,,,,,,,,,,,,,
05-May-2023,0.6735,60.70,4.6550,90.25,0.6101,890.77,0.5344,0.8924,55.09,22.92,1.0680,20.64,2.9897,9878,15794,,,5.2863,,,0.5955,37.20,0.4981,,,,,,,,,,,,,,,,,,,,,,,,,,,,,,,,,,,,,,,,,,,,
08-May-2023,0.6775,61.10,4.6857,91.29,0.6137,894.84,0.5356,0.8978,55.41,22.98,1.0734,20.77,3.0064,9961,15889,,,5.3167,,,0.6027,37.47,0.5014,,,,,,,,,,,,,,,,,,,,,,,,,,,,,,,,,,,,,,,,,,,,
09-May-2023,0.6778,61.20,4.6925,91.43,0.6165,896.39,0.5373,0.8982,55.54,22.85,1.0693,20.79,3.0107,10003,15898,,,5.3193,,,0.6028,37.71,0.5014,,,,,,,,,,,,,,,,,,,,,,,,,,,,,,,,,,,,,,,,,,,,
10-May-2023,0.6764,61.10,4.6872,91.54,0.6168,896.03,0.5360,0.8978,55.48,22.77,1.0665,20.78,3.0123,9980,15870,,,5.2979,,,0.6023,37.74,0.5013,,,,,,,,,,,,,,,,,,,,,,,,,,,,,,,,,,,,,,,,,,,,
11-May-2023,0.6775,61.20,4.6965,90.99,0.6171,895.49,0.5367,0.8981,55.58,22.83,1.0632,20.81,3.0183,9968,15899,,,5.3052,,,0.6033,37.72,0.5027,,,,,,,,,,,,,,,,,,,,,,,,,,,,,,,,,,,,,,,,,,,,
12-May-2023,0.6690,60.60,4.6473,90.11,0.6124,892.81,0.5343,0.8914,54.98,22.70,1.0697,20.57,2.9941,9866,15693,,,5.2462,,,0.5969,37.33,0.4968,,,,,,,,,,,,,,,,,,,,,,,,,,,,,,,,,,,,,,,,,,,,
15-May-2023,0.6682,60.70,4.6487,91.00,0.6148,891.89,0.5358,0.8943,54.95,22.56,1.0750,20.58,3.0072,9899,15673,,,5.2404,,,0.5996,37.37,0.4968,,,,,,,,,,,,,,,,,,,,,,,,,,,,,,,,,,,,,,,,,,,,
16-May-2023,0.6674,60.70,4.6474,90.70,0.6139,893.45,0.5335,0.8924,54.86,22.62,1.0702,20.56,3.0050,9885,15654,,,5.2301,,,0.5978,37.49,0.4971,,,,,,,,,,,,,,,,,,,,,,,,,,,,,,,,,,,,,,,,,,,,
17-May-2023,0.6639,60.60,4.6459,90.82,0.6117,889.13,0.5326,0.8912,54.69,22.73,1.0651,20.46,3.0018,9879,15569,,,5.2025,,,0.5955,37.33,0.4942,,,,,,,,,,,,,,,,,,,,,,,,,,,,,,,,,,,,,,,,,,,,
18-May-2023,0.6647,60.70,4.6621,91.41,0.6138,887.07,0.5331,0.8930,54.85,22.77,1.0633,20.45,3.0091,9881,15577,,,5.2035,,,0.5980,37.22,0.4966,,,,,,,,,,,,,,,,,,,,,,,,,,,,,,,,,,,,,,,,,,,,
19-May-2023,0.6634,60.80,4.6697,91.74,0.6160,880.62,0.5349,0.8946,54.89,22.88,1.0630,20.37,3.0201,9911,15558,,,5.1792,,,0.6001,36.97,0.4964,,,,,,,,,,,,,,,,,,,,,,,,,,,,,,,,,,,,,,,,,,,,
22-May-2023,0.6640,60.70,4.6647,91.62,0.6142,876.41,0.5337,0.8934,55.00,22.89,1.0575,20.36,3.0158,9896,15564,,,5.1924,,,0.5968,37.04,0.4970,,,,,,,,,,,,,,,,,,,,,,,,,,,,,,,,,,,,,,,,,,,,
23-May-2023,0.6650,60.90,4.6900,92.16,0.6153,872.58,0.5350,0.8950,55.08,23.08,1.0596,20.42,3.0351,9883,15591,,,5.2062,,,0.5978,36.99,0.4974,,,,,,,,,,,,,,,,,,,,,,,,,,,,,,,,,,,,,,,,,,,,
24-May-2023,0.6598,60.40,4.6467,91.24,0.6118,867.87,0.5306,0.8880,54.55,22.74,1.0706,20.31,3.0239,9826,15495,,,5.1699,,,0.5943,36.77,0.4947,,,,,,,,,,,,,,,,,,,,,,,,,,,,,,,,,,,,,,,,,,,,
25-May-2023,0.6527,60.00,4.6137,91.08,0.6077,864.86,0.5287,0.8828,54.02,22.67,1.0728,20.12,3.0165,9757,15325,,,5.1135,,,0.5915,36.52,0.4897,,,,,,,,,,,,,,,,,,,,,,,,,,,,,,,,,,,,,,,,,,,,
26-May-2023,0.6515,59.90,4.5979,91.01,0.6068,862.94,0.5280,0.8810,53.89,22.57,1.0733,20.01,3.0155,9746,15297,,,5.1040,,,0.5895,36.37,0.4897,,,,,,,,,,,,,,,,,,,,,,,,,,,,,,,,,,,,,,,,,,,,
29-May-2023,0.6547,60.20,4.6249,91.88,0.6098,867.22,0.5299,0.8851,54.06,22.74,1.0789,20.07,3.0141,9801,15368,,,5.1273,,,0.5923,36.70,0.4917,,,,,,,,,,,,,,,,,,,,,,,,,,,,,,,,,,,,,,,,,,,,
30-May-2023,0.6509,60.10,4.6185,91.58,0.6090,862.56,0.5279,0.8819,53.89,22.67,1.0796,19.93,3.0059,9756,15286,,,5.0986,,,0.5897,36.72,0.4888,,,,,,,,,,,,,,,,,,,,,,,,,,,,,,,,,,,,,,,,,,,,
31-May-2023,0.6495,59.80,4.6096,90.56,0.6072,858.99,0.5239,0.8790,53.68,22.52,1.0814,19.95,2.9994,9736,15257,,,5.0876,,,0.5897,36.48,0.4880,,,,,,,,,,,,,,,,,,,,,,,,,,,,,,,,,,,,,,,,,,,,
01-Jun-2023,0.6511,60.00,4.6264,90.97,0.6098,860.88,0.5240,0.8805,53.70,22.64,1.0843,20.01,3.0048,9762,15292,,,5.0993,,,0.5932,36.59,0.4905,,,,,,,,,,,,,,,,,,,,,,,,,,,,,,,,,,,,,,,,,,,,
02-Jun-2023,0.6612,60.60,4.6757,91.84,0.6138,863.24,0.5274,0.8892,54.43,22.86,1.0846,20.26,3.0346,9913,15519,,,5.1780,,,0.5980,36.97,0.4972,,,,,,,,,,,,,,,,,,,,,,,,,,,,,,,,,,,,,,,,,,,,
05-Jun-2023,0.6607,60.80,4.6967,92.55,0.6174,863.33,0.5315,0.8923,54.54,22.82,1.0897,20.29,3.0237,9833,15528,,,5.1787,,,0.6017,37.09,0.4952,,,,,,,,,,,,,,,,,,,,,,,,,,,,,,,,,,,,,,,,,,,,
06-Jun-2023,0.6661,61.30,4.7373,92.92,0.6211,871.43,0.5352,0.8981,55.04,23.16,1.0943,20.45,3.0627,9882,15642,,,5.2233,,,0.6025,37.44,0.5015,,,,,,,,,,,,,,,,,,,,,,,,,,,,,,,,,,,,,,,,,,,,
07-Jun-2023,0.6678,61.50,4.7557,92.94,0.6248,870.40,0.5378,0.9005,55.09,23.23,1.0998,20.53,3.0751,9932,15682,,,5.2359,,,0.6060,37.47,0.5025,,,,,,,,,,,,,,,,,,,,,,,,,,,,,,,,,,,,,,,,,,,,
08-Jun-2023,0.6662,61.40,4.7523,93.14,0.6220,868.58,0.5353,0.8980,55.01,23.24,1.1013,20.49,3.0762,9924,15648,,,5.2203,,,0.6058,37.40,0.5008,,,,,,,,,,,,,,,,,,,,,,,,,,,,,,,,,,,,,,,,,,,,
09-Jun-2023,0.6708,61.60,4.7778,93.45,0.6224,867.26,0.5344,0.9006,55.30,23.21,1.1008,20.63,3.0937,9960,15754,,,5.2565,,,0.6031,37.55,0.5043,,,,,,,,,,,,,,,,,,,,,,,,,,,,,,,,,,,,,,,,,,,,
13-Jun-2023,0.6761,62.20,4.8441,94.30,0.6270,861.74,0.5395,0.9075,55.72,23.36,1.1040,20.78,3.1259,10052,15888,,,5.2975,,,0.6129,37.88,0.5073,,,,,,,,,,,,,,,,,,,,,,,,,,,,,,,,,,,,,,,,,,,,
14-Jun-2023,0.6767,62.30,4.8501,94.81,0.6280,865.55,0.5369,0.9087,55.70,23.44,1.1012,20.79,3.1267,10079,15907,,,5.2994,,,0.6128,37.88,0.5075,,,,,,,,,,,,,,,,,,,,,,,,,,,,,,,,,,,,,,,,,,,,
15-Jun-2023,0.6821,62.80,4.8780,96.33,0.6304,872.42,0.5392,0.9163,56.06,23.74,1.1010,20.97,3.1602,10193,16048,,,5.3384,,,0.6161,38.18,0.5114,,,,,,,,,,,,,,,,,,,,,,,,,,,,,,,,,,,,,,,,,,,,
16-Jun-2023,0.6888,63.10,4.9088,96.93,0.6296,878.07,0.5387,0.9209,56.41,23.87,1.1042,21.15,3.1823,10296,16206,,,5.3863,,,0.6143,38.47,0.5161,,,,,,,,,,,,,,,,,,,,,,,,,,,,,,,,,,,,,,,,,,,,
19-Jun-2023,0.6865,63.00,4.9071,97.24,0.6275,878.37,0.5354,0.9192,56.27,23.85,1.1035,21.14,3.1685,10290,16148,,,5.3660,,,0.6135,38.27,0.5120,,,,,,,,,,,,,,,,,,,,,,,,,,,,,,,,,,,,,,,,,,,,
20-Jun-2023,0.6803,62.60,4.8816,96.63,0.6226,871.59,0.5323,0.9132,55.86,23.65,1.1015,21.04,3.1563,10239,16001,,,5.3204,,,0.6100,37.95,0.5074,,,,,,,,,,,,,,,,,,,,,,,,,,,,,,,,,,,,,,,,,,,,
21-Jun-2023,0.6783,62.60,4.8798,96.13,0.6216,877.22,0.5315,0.9114,55.68,23.63,1.0972,21.01,3.1534,10158,15957,,,5.3076,,,0.6094,37.71,0.5069,,,,,,,,,,,,,,,,,,,,,,,,,,,,,,,,,,,,,,,,,,,,
22-Jun-2023,0.6765,62.30,4.8569,95.92,0.6158,875.05,0.5304,0.9077,55.42,23.62,1.0929,20.91,3.1471,10106,15905,,,5.2955,,,0.6040,37.65,0.5061,,,,,,,,,,,,,,,,,,,,,,,,,,,,,,,,,,,,,,,,,,,,
23-Jun-2023,0.6697,61.90,4.8080,96.03,0.6125,873.90,0.5271,0.9040,54.94,23.59,1.0909,20.70,3.1308,10041,15751,,,5.2438,,,0.6010,37.23,0.4995,,,,,,,,,,,,,,,,,,,,,,,,,,,,,,,,,,,,,,,,,,,,
26-Jun-2023,0.6679,61.80,4.8202,95.74,0.6123,870.23,0.5245,0.9028,54.74,23.53,1.0841,20.70,3.1304,10037,15716,,,5.2294,,,0.5982,37.22,0.5009,,,,,,,,,,,,,,,,,,,,,,,,,,,,,,,,,,,,,,,,,,,,
27-Jun-2023,0.6712,62.10,4.8406,96.39,0.6148,872.63,0.5273,0.9059,55.02,23.61,1.0852,20.81,3.1311,10063,15797,,,5.2558,,,0.6013,37.20,0.5030,,,,,,,,,,,,,,,,,,,,,,,,,,,,,,,,,,,,,,,,,,,,
28-Jun-2023,0.6646,61.60,4.8040,95.68,0.6068,868.68,0.5221,0.8979,54.49,23.54,1.0874,20.68,3.1027,9964,15648,,,5.2047,,,0.5944,36.77,0.4973,,,,,,,,,,,,,,,,,,,,,,,,,,,,,,,,,,,,,,,,,,,,
29-Jun-2023,0.6614,61.50,4.7944,95.59,0.6072,871.49,0.5238,0.8957,54.27,23.61,1.0880,20.56,3.0902,9916,15574,,,5.1809,,,0.5941,36.67,0.4954,,,,,,,,,,,,,,,,,,,,,,,,,,,,,,,,,,,,,,,,,,,,
30-Jun-2023,0.6630,61.70,4.8079,95.92,0.6099,874.21,0.5250,0.8986,54.40,23.62,1.0883,20.63,3.1022,9940,15636,,,5.1951,,,0.5957,36.67,0.4971,,,,,,,,,,,,,,,,,,,,,,,,,,,,,,,,,,,,,,,,,,,,
03-Jul-2023,0.6664,61.90,4.8307,96.35,0.6112,871.89,0.5251,0.9008,54.55,23.45,1.0852,20.75,3.1111,10014,15734,,,5.2203,,,0.5972,36.81,0.5010,,,,,,,,,,,,,,,,,,,,,,,,,,,,,,,,,,,,,,,,,,,,
04-Jul-2023,0.6653,61.70,4.8130,96.23,0.6106,866.57,0.5244,0.8990,54.54,23.26,1.0818,20.72,3.1030,9996,15747,,,5.2092,,,0.5968,36.75,0.5002,,,,,,,,,,,,,,,,,,,,,,,,,,,,,,,,,,,,,,,,,,,,
05-Jul-2023,0.6688,62.00,4.8384,96.75,0.6145,868.38,0.5264,0.9037,54.93,23.33,1.0789,20.83,3.1082,10040,15904,,,5.2364,,,0.6000,37.04,0.5028,,,,,,,,,,,,,,,,,,,,,,,,,,,,,,,,,,,,,,,,,,,,
06-Jul-2023,0.6661,61.80,4.8284,95.73,0.6136,866.66,0.5241,0.9010,54.92,23.43,1.0766,20.84,3.1044,10029,15803,,,5.2070,,,0.5978,36.99,0.5000,,,,,,,,,,,,,,,,,,,,,,,,,,,,,,,,,,,,,,,,,,,,
07-Jul-2023,0.6635,61.60,4.8041,95.26,0.6094,865.79,0.5207,0.8976,54.86,23.38,1.0766,20.75,3.0992,10035,15702,,,5.1909,,,0.5945,36.86,0.4976,,,,,,,,,,,,,,,,,,,,,,,,,,,,,,,,,,,,,,,,,,,,
10-Jul-2023,0.6657,61.70,4.8199,95.02,0.6082,869.80,0.5201,0.8984,55.01,23.44,1.0777,20.90,3.1088,10112,15732,,,5.2121,,,0.5935,37.06,0.4989,,,,,,,,,,,,,,,,,,,,,,,,,,,,,,,,,,,,,,,,,,,,
11-Jul-2023,0.6682,61.60,4.8133,94.12,0.6071,864.63,0.5194,0.8971,55.05,23.31,1.0767,20.94,3.1155,10123,15812,,,5.2291,,,0.5913,36.95,0.4996,,,,,,,,,,,,,,,,,,,,,,,,,,,,,,,,,,,,,,,,,,,,
12-Jul-2023,0.6709,61.70,4.8253,93.58,0.6085,865.60,0.5179,0.8976,55.22,23.42,1.0798,20.97,3.1210,10122,15887,,,5.2525,,,0.5889,36.97,0.4998,,,,,,,,,,,,,,,,,,,,,,,,,,,,,,,,,,,,,,,,,,,,
13-Jul-2023,0.6808,62.30,4.8839,94.50,0.6117,869.33,0.5240,0.9059,55.92,23.61,1.0760,21.13,3.1364,10203,16110,,,5.3241,,,0.5903,37.17,0.5067,,,,,,,,,,,,,,,,,,,,,,,,,,,,,,,,,,,,,,,,,,,,
14-Jul-2023,0.6889,62.60,4.9105,94.96,0.6140,870.03,0.5251,0.9087,56.55,23.83,1.0767,21.24,3.1142,10287,16282,,,5.3849,,,0.5915,37.42,0.5096,,,,,,,,,,,,,,,,,,,,,,,,,,,,,,,,,,,,,,,,,,,,
17-Jul-2023,0.6814,62.10,4.8873,94.43,0.6066,862.50,0.5204,0.9009,56.00,23.65,1.0731,21.15,3.1062,10220,16106,,,5.3228,,,0.5865,37.05,0.5031,,,,,,,,,,,,,,,,,,,,,,,,,,,,,,,,,,,,,,,,,,,,
18-Jul-2023,0.6821,62.10,4.8926,94.44,0.6063,860.82,0.5211,0.9015,55.96,23.36,1.0781,21.12,3.0926,10229,16121,,,5.3320,,,0.5859,37.11,0.5037,,,,,,,,,,,,,,,,,,,,,,,,,,,,,,,,,,,,,,,,,,,,
19-Jul-2023,0.6794,62.10,4.8960,94.69,0.6047,858.71,0.5215,0.8995,55.77,23.07,1.0858,21.12,3.0843,10188,16067,,,5.3052,,,0.5824,37.08,0.5013,,,,,,,,,,,,,,,,,,,,,,,,,,,,,,,,,,,,,,,,,,,,
20-Jul-2023,0.6828,62.30,4.9002,95.15,0.6087,864.96,0.5277,0.9032,56.01,23.19,1.0843,21.21,3.1081,10230,16145,,,5.3322,,,0.5847,37.19,0.5057,,,,,,,,,,,,,,,,,,,,,,,,,,,,,,,,,,,,,,,,,,,,
21-Jul-2023,0.6775,62.10,4.8590,94.99,0.6080,870.00,0.5261,0.8988,55.58,23.24,1.0885,21.19,3.0852,10185,16026,,,5.2943,,,0.5866,37.03,0.5015,,,,,,,,,,,,,,,,,,,,,,,,,,,,,,,,,,,,,,,,,,,,
24-Jul-2023,0.6736,61.90,4.8482,95.36,0.6051,863.13,0.5231,0.8965,55.19,23.23,1.0907,21.14,3.0858,10123,15939,,,5.2657,,,0.5833,36.88,0.5005,,,,,,,,,,,,,,,,,,,,,,,,,,,,,,,,,,,,,,,,,,,,
25-Jul-2023,0.6768,62.00,4.8350,95.70,0.6111,865.69,0.5271,0.8995,55.33,23.35,1.0888,21.16,3.0906,10155,16022,,,5.2880,,,0.5880,36.94,0.5033,,,,,,,,,,,,,,,,,,,,,,,,,,,,,,,,,,,,,,,,,,,,
26-Jul-2023,0.6763,62.00,4.8402,95.32,0.6113,863.32,0.5242,0.8980,55.45,23.24,1.0871,21.13,3.0846,10161,16012,,,5.2808,,,0.5837,36.93,0.5033,,,,,,,,,,,,,,,,,,,,,,,,,,,,,,,,,,,,,,,,,,,,
27-Jul-2023,0.6793,62.10,4.8488,95.22,0.6126,867.40,0.5247,0.8996,55.70,23.15,1.0879,21.21,3.0765,10196,16072,,,5.2960,,,0.5850,37.06,0.5046,,,,,,,,,,,,,,,,,,,,,,,,,,,,,,,,,,,,,,,,,,,,
28-Jul-2023,0.6669,61.10,4.7695,92.80,0.6070,851.95,0.5213,0.8874,54.87,22.73,1.0812,20.95,3.0311,10060,15800,,,5.2013,,,0.5792,36.56,0.4944,,,,,,,,,,,,,,,,,,,,,,,,,,,,,,,,,,,,,,,,,,,,
31-Jul-2023,0.6682,61.30,4.7770,94.75,0.6066,850.46,0.5198,0.8896,54.96,22.88,1.0784,20.99,3.0276,10086,15823,,,5.2123,,,0.5822,36.64,0.4975,,,,,,,,,,,,,,,,,,,,,,,,,,,,,,,,,,,,,,,,,,,,
01-Aug-2023,0.6673,61.40,4.7823,95.28,0.6067,856.01,0.5203,0.8890,54.91,22.84,1.0775,21.06,3.0115,10090,15798,,,5.2026,,,0.5817,36.51,0.4969,,,,,,,,,,,,,,,,,,,,,,,,,,,,,,,,,,,,,,,,,,,,
02-Aug-2023,0.6581,60.70,4.7267,94.03,0.5986,852.42,0.5153,0.8797,54.28,22.61,1.0776,20.83,2.9881,9991,15617,,,5.1315,,,0.5755,36.22,0.4912,,,,,,,,,,,,,,,,,,,,,,,,,,,,,,,,,,,,,,,,,,,,
03-Aug-2023,0.6538,60.40,4.6998,93.84,0.5976,848.33,0.5144,0.8779,54.07,22.58,1.0753,20.68,2.9797,9934,15537,,,5.1024,,,0.5737,36.23,0.4883,,,,,,,,,,,,,,,,,,,,,,,,,,,,,,,,,,,,,,,,,,,,
04-Aug-2023,0.6573,60.70,4.7192,93.65,0.6002,860.34,0.5166,0.8817,54.41,22.83,1.0793,20.85,2.9874,9971,15608,,,5.1315,,,0.5747,36.61,0.4919,,,,,,,,,,,,,,,,,,,,,,,,,,,,,,,,,,,,,,,,,,,,
08-Aug-2023,0.6531,60.50,4.7104,93.60,0.5937,859.14,0.5119,0.8782,54.08,22.84,1.0763,20.77,2.9866,9945,15501,,,5.1012,,,0.5701,36.74,0.4880,,,,,,,,,,,,,,,,,,,,,,,,,,,,,,,,,,,,,,,,,,,,
09-Aug-2023,0.6556,60.70,4.7249,93.80,0.5972,863.22,0.5138,0.8822,54.30,22.95,1.0788,20.83,3.0023,9966,15561,,,5.1234,,,0.5730,36.91,0.4907,,,,,,,,,,,,,,,,,,,,,,,,,,,,,,,,,,,,,,,,,,,,
10-Aug-2023,0.6545,60.70,4.7205,94.25,0.5958,862.89,0.5144,0.8820,54.23,23.01,1.0795,20.81,2.9937,9954,15543,,,5.1172,,,0.5737,36.84,0.4894,,,,,,,,,,,,,,,,,,,,,,,,,,,,,,,,,,,,,,,,,,,,
11-Aug-2023,0.6522,60.60,4.7148,94.41,0.5932,863.12,0.5141,0.8799,53.99,22.89,1.0854,20.73,2.9897,9929,15492,,,5.0987,,,0.5716,36.69,0.4869,,,,,,,,,,,,,,,,,,,,,,,,,,,,,,,,,,,,,,,,,,,,
14-Aug-2023,0.6475,60.40,4.6988,93.78,0.5920,861.08,0.5106,0.8770,53.71,22.72,1.0855,20.68,2.9872,9924,15405,,,5.0611,,,0.5677,36.86,0.4845,,,,,,,,,,,,,,,,,,,,,,,,,,,,,,,,,,,,,,,,,,,,
15-Aug-2023,0.6512,60.80,4.7396,94.72,0.5967,866.49,0.5132,0.8830,54.02,22.99,1.0882,20.79,3.0154,9994,15545,,,5.0943,,,0.5716,36.97,0.4883,,,,,,,,,,,,,,,,,,,,,,,,,,,,,,,,,,,,,,,,,,,,
16-Aug-2023,0.6451,60.40,4.7073,93.81,0.5910,863.08,0.5073,0.8764,53.51,22.84,1.0808,20.55,2.9946,9875,15484,,,5.0485,,,0.5665,36.65,0.4842,,,,,,,,,,,,,,,,,,,,,,,,,,,,,,,,,,,,,,,,,,,,
17-Aug-2023,0.6385,59.90,4.6708,93.42,0.5872,856.62,0.5018,0.8696,53.07,22.68,1.0796,20.41,2.9671,9758,15286,,,5.0004,,,0.5618,36.19,0.4794,,,,,,,,,,,,,,,,,,,,,,,,,,,,,,,,,,,,,,,,,,,,
18-Aug-2023,0.6407,59.90,4.6642,93.13,0.5887,856.55,0.5026,0.8693,53.23,22.68,1.0804,20.42,2.9761,9806,15245,,,5.0153,,,0.5630,36.15,0.4815,,,,,,,,,,,,,,,,,,,,,,,,,,,,,,,,,,,,,,,,,,,,
21-Aug-2023,0.6400,59.90,4.6775,93.06,0.5882,858.79,0.5024,0.8691,53.19,22.57,1.0825,20.44,2.9782,9812,15226,,,5.0139,,,0.5646,35.95,0.4812,,,,,,,,,,,,,,,,,,,,,,,,,,,,,,,,,,,,,,,,,,,,
22-Aug-2023,0.6417,60.10,4.6772,93.74,0.5884,858.78,0.5025,0.8705,53.31,22.54,1.0816,20.48,2.9849,9835,15337,,,5.0273,,,0.5635,36.09,0.4820,,,,,,,,,,,,,,,,,,,,,,,,,,,,,,,,,,,,,,,,,,,,
23-Aug-2023,0.6441,60.30,4.6913,93.82,0.5930,862.44,0.5051,0.8735,53.41,22.49,1.0820,20.56,2.9976,9868,15462,,,5.0478,,,0.5666,36.48,0.4839,,,,,,,,,,,,,,,,,,,,,,,,,,,,,,,,,,,,,,,,,,,,
24-Aug-2023,0.6479,60.40,4.7121,94.06,0.5960,855.75,0.5091,0.8759,53.48,22.61,1.0858,20.56,3.0082,9882,15545,,,5.0793,,,0.5679,36.75,0.4882,,,,,,,,,,,,,,,,,,,,,,,,,,,,,,,,,,,,,,,,,,,,
25-Aug-2023,0.6417,60.10,4.6734,93.75,0.5947,849.39,0.5101,0.8700,53.04,22.52,1.0860,20.42,2.9833,9814,15399,,,5.0334,,,0.5685,36.37,0.4825,,,,,,,,,,,,,,,,,,,,,,,,,,,,,,,,,,,,,,,,,,,,
28-Aug-2023,0.6431,60.20,4.6868,94.15,0.5949,851.08,0.5104,0.8717,53.13,22.66,1.0865,20.48,2.9914,9834,15446,,,5.0453,,,0.5680,36.39,0.4847,,,,,,,,,,,,,,,,,,,,,,,,,,,,,,,,,,,,,,,,,,,,
29-Aug-2023,0.6446,60.30,4.6986,94.38,0.5956,851.91,0.5107,0.8728,53.26,22.66,1.0885,20.56,2.9974,9835,15586,,,5.0572,,,0.5694,36.56,0.4860,,,,,,,,,,,,,,,,,,,,,,,,,,,,,,,,,,,,,,,,,,,,
30-Aug-2023,0.6475,60.60,4.7209,94.70,0.5958,856.95,0.5129,0.8756,53.60,22.73,1.0879,20.64,3.0047,9867,15644,,,5.0802,,,0.5693,36.75,0.4883,,,,,,,,,,,,,,,,,,,,,,,,,,,,,,,,,,,,,,,,,,,,
31-Aug-2023,0.6485,60.60,4.7267,94.63,0.5940,857.80,0.5099,0.8755,53.60,22.65,1.0885,20.67,3.0081,9880,15603,,,5.0881,,,0.5696,36.74,0.4875,,,,,,,,,,,,,,,,,,,,,,,,,,,,,,,,,,,,,,,,,,,,
01-Sep-2023,0.6471,60.40,4.6985,94.17,0.5966,851.76,0.5109,0.8738,53.50,22.69,1.0859,20.59,3.0035,9872,15585,,,5.0751,,,0.5715,36.63,0.4866,,,,,,,,,,,,,,,,,,,,,,,,,,,,,,,,,,,,,,,,,,,,
04-Sep-2023,0.6474,60.50,4.7026,94.64,0.6002,853.60,0.5134,0.8761,53.57,22.75,1.0879,20.64,3.0146,9872,15593,,,5.0756,,,0.5728,36.64,0.4868,,,,,,,,,,,,,,,,,,,,,,,,,,,,,,,,,,,,,,,,,,,,
05-Sep-2023,0.6401,60.00,4.6681,94.00,0.5935,849.12,0.5075,0.8693,53.04,22.66,1.0844,20.43,2.9832,9766,15428,,,5.0174,,,0.5668,36.36,0.4813,,,,,,,,,,,,,,,,,,,,,,,,,,,,,,,,,,,,,,,,,,,,
06-Sep-2023,0.6403,60.10,4.6771,94.15,0.5962,851.02,0.5087,0.8706,53.18,22.69,1.0847,20.46,2.9873,9795,15412,,,5.0211,,,0.5687,36.47,0.4841,,,,,,,,,,,,,,,,,,,,,,,,,,,,,,,,,,,,,,,,,,,,
07-Sep-2023,0.6380,60.10,4.6740,94.16,0.5951,852.01,0.5105,0.8708,53.06,22.71,1.0850,20.44,2.9839,9786,15350,,,5.0021,,,0.5689,36.28,0.4823,,,,,,,,,,,,,,,,,,,,,,,,,,,,,,,,,,,,,,,,,,,,
08-Sep-2023,0.6407,60.30,4.7046,94.29,0.5974,853.89,0.5124,0.8730,53.28,22.79,1.0848,20.55,2.9959,9828,15444,,,5.0213,,,0.5705,36.30,0.4853,,,,,,,,,,,,,,,,,,,,,,,,,,,,,,,,,,,,,,,,,,,,
11-Sep-2023,0.6437,60.40,4.6892,94.12,0.6000,856.54,0.5144,0.8754,53.34,22.83,1.0857,20.58,3.0093,9881,15485,,,5.0442,,,0.5738,36.47,0.4877,,,,,,,,,,,,,,,,,,,,,,,,,,,,,,,,,,,,,,,,,,,,
12-Sep-2023,0.6425,60.30,4.6832,94.33,0.5984,852.37,0.5137,0.8748,53.31,22.85,1.0881,20.57,3.0050,9859,15482,,,5.0312,,,0.5728,36.42,0.4859,,,,,,,,,,,,,,,,,,,,,,,,,,,,,,,,,,,,,,,,,,,,
13-Sep-2023,0.6409,60.20,4.6653,94.41,0.5965,851.38,0.5132,0.8727,53.16,22.88,1.0866,20.50,2.9996,9849,15484,,,5.0157,,,0.5714,36.29,0.4850,,,,,,,,,,,,,,,,,,,,,,,,,,,,,,,,,,,,,,,,,,,,
14-Sep-2023,0.6441,60.40,4.6851,94.76,0.5993,853.30,0.5153,0.8755,53.44,23.00,1.0854,20.52,3.0147,9890,15590,,,5.0411,,,0.5744,36.52,0.4870,,,,,,,,,,,,,,,,,,,,,,,,,,,,,,,,,,,,,,,,,,,,
15-Sep-2023,0.6467,60.70,4.6985,95.33,0.6068,857.38,0.5204,0.8804,53.71,23.15,1.0898,20.67,3.0275,9938,15686,,,5.0614,,,0.5788,36.78,0.4890,,,,,,,,,,,,,,,,,,,,,,,,,,,,,,,,,,,,,,,,,,,,
18-Sep-2023,0.6445,60.60,4.6967,95.16,0.6041,854.03,0.5200,0.8785,53.62,22.99,1.0892,20.59,3.0202,9906,15655,,,5.0432,,,0.5779,36.65,0.4887,,,,,,,,,,,,,,,,,,,,,,,,,,,,,,,,,,,,,,,,,,,,
19-Sep-2023,0.6431,60.50,4.6928,95.04,0.6022,852.86,0.5195,0.8780,53.55,23.05,1.0871,20.60,3.0197,9893,15695,,,5.0265,,,0.5772,36.52,0.4876,,,,,,,,,,,,,,,,,,,,,,,,,,,,,,,,,,,,,,,,,,,,
20-Sep-2023,0.6452,60.80,4.7092,95.44,0.6041,858.41,0.5209,0.8809,53.72,23.39,1.0864,20.68,3.0289,9937,15701,,,5.0461,,,0.5793,36.64,0.4888,,,,,,,,,,,,,,,,,,,,,,,,,,,,,,,,,,,,,,,,,,,,
21-Sep-2023,0.6403,60.40,4.6754,94.99,0.6021,859.28,0.5197,0.8760,53.22,23.18,1.0847,20.60,3.0024,9863,15537,,,5.0091,,,0.5761,36.45,0.4852,,,,,,,,,,,,,,,,,,,,,,,,,,,,,,,,,,,,,,,,,,,,
22-Sep-2023,0.6425,60.60,4.6922,95.14,0.6033,858.15,0.5231,0.8778,53.29,23.28,1.0820,20.68,3.0130,9884,15626,,,5.0238,,,0.5813,36.49,0.4880,,,,,,,,,,,,,,,,,,,,,,,,,,,,,,,,,,,,,,,,,,,,
25-Sep-2023,0.6418,60.60,4.6897,95.21,0.6030,856.39,0.5245,0.8770,53.34,23.14,1.0796,20.64,3.0065,9882,15644,,,5.0165,,,0.5829,36.42,0.4877,,,,,,,,,,,,,,,,,,,,,,,,,,,,,,,,,,,,,,,,,,,,
26-Sep-2023,0.6414,60.70,4.6886,95.54,0.6058,864.52,0.5259,0.8775,53.38,23.31,1.0765,20.67,3.0085,9917,15673,,,5.0150,,,0.5856,36.53,0.4875,,,,,,,,,,,,,,,,,,,,,,,,,,,,,,,,,,,,,,,,,,,,
27-Sep-2023,0.6379,60.40,4.6599,95.10,0.6041,860.32,0.5252,0.8744,53.08,23.33,1.0757,20.56,3.0023,9907,15557,,,4.9888,,,0.5852,36.31,0.4857,,,,,,,,,,,,,,,,,,,,,,,,,,,,,,,,,,,,,,,,,,,,
28-Sep-2023,0.6377,60.40,4.6606,95.23,0.6068,860.51,0.5251,0.8746,53.04,23.44,1.0725,20.56,3.0027,9897,15569,,,4.9914,,,0.5871,36.32,0.4863,,,,,,,,,,,,,,,,,,,,,,,,,,,,,,,,,,,,,,,,,,,,
29-Sep-2023,0.6458,61.10,4.7130,96.33,0.6106,871.44,0.5284,0.8814,53.66,23.65,1.0763,20.85,3.0275,10008,15710,,,5.0542,,,0.5900,36.57,0.4925,,,,,,,,,,,,,,,,,,,,,,,,,,,,,,,,,,,,,,,,,,,,
03-Oct-2023,0.6316,59.90,4.6094,94.67,0.6037,852.28,0.5235,0.8686,52.55,23.46,1.0687,20.43,2.9849,9860,15408,,,4.9456,,,0.5807,35.93,0.4818,,,,,,,,,,,,,,,,,,,,,,,,,,,,,,,,,,,,,,,,,,,,
04-Oct-2023,0.6321,60.00,4.6131,94.29,0.6037,859.97,0.5232,0.8686,52.61,23.49,1.0710,20.49,2.9911,9878,15423,,,4.9503,,,0.5825,35.85,0.4836,,,,,,,,,,,,,,,,,,,,,,,,,,,,,,,,,,,,,,,,,,,,
05-Oct-2023,0.6372,60.30,4.6503,94.66,0.6056,859.70,0.5242,0.8727,53.02,23.55,1.0711,20.57,3.0092,9940,15544,,,4.9890,,,0.5825,36.10,0.4867,,,,,,,,,,,,,,,,,,,,,,,,,,,,,,,,,,,,,,,,,,,,
06-Oct-2023,0.6368,60.30,4.6474,94.74,0.6042,859.18,0.5230,0.8710,52.98,23.52,1.0688,20.50,3.0047,9951,15527,,,4.9869,,,0.5817,36.08,0.4861,,,,,,,,,,,,,,,,,,,,,,,,,,,,,,,,,,,,,,,,,,,,
09-Oct-2023,0.6350,60.10,4.6337,94.74,0.6019,857.25,0.5207,0.8691,52.84,23.56,1.0644,20.46,3.0013,9956,15478,,,4.9721,,,0.5781,36.11,0.4839,,,,,,,,,,,,,,,,,,,,,,,,,,,,,,,,,,,,,,,,,,,,
10-Oct-2023,0.6411,60.60,4.6721,95.36,0.6070,866.16,0.5243,0.8761,53.37,23.67,1.0657,20.66,3.0359,10075,15645,,,5.0156,,,0.5810,36.46,0.4886,,,,,,,,,,,,,,,,,,,,,,,,,,,,,,,,,,,,,,,,,,,,
11-Oct-2023,0.6421,60.60,4.6837,95.60,0.6056,860.21,0.5223,0.8754,53.45,23.40,1.0657,20.58,3.0349,10081,15688,,,5.0198,,,0.5811,36.44,0.4886,,,,,,,,,,,,,,,,,,,,,,,,,,,,,,,,,,,,,,,,,,,,
12-Oct-2023,0.6423,60.60,4.6885,95.79,0.6042,860.20,0.5214,0.8747,53.40,23.19,1.0675,20.64,3.0313,10085,15698,,,5.0224,,,0.5784,36.46,0.4885,,,,,,,,,,,,,,,,,,,,,,,,,,,,,,,,,,,,,,,,,,,,
13-Oct-2023,0.6317,59.80,4.6153,94.54,0.5988,852.76,0.5177,0.8647,52.58,22.85,1.0680,20.35,2.9902,9920,15448,,,4.9412,,,0.5727,35.89,0.4803,,,,,,,,,,,,,,,,,,,,,,,,,,,,,,,,,,,,,,,,,,,,
16-Oct-2023,0.6323,59.90,4.6214,94.49,0.6007,856.53,0.5200,0.8659,52.64,22.91,1.0675,20.40,2.9965,9938,15472,,,4.9453,,,0.5701,35.91,0.4827,,,,,,,,,,,,,,,,,,,,,,,,,,,,,,,,,,,,,,,,,,,,
17-Oct-2023,0.6355,60.20,4.6473,95.04,0.6025,859.56,0.5210,0.8699,52.89,23.18,1.0768,20.53,3.0088,9991,15562,,,4.9690,,,0.5727,36.06,0.4850,,,,,,,,,,,,,,,,,,,,,,,,,,,,,,,,,,,,,,,,,,,,
18-Oct-2023,0.6379,60.40,4.6598,95.47,0.6030,861.87,0.5237,0.8728,53.09,23.19,1.0801,20.63,3.0272,10034,15629,,,4.9909,,,0.5736,36.19,0.4865,,,,,,,,,,,,,,,,,,,,,,,,,,,,,,,,,,,,,,,,,,,,
19-Oct-2023,0.6303,59.90,4.6113,94.43,0.5983,856.28,0.5198,0.8660,52.48,22.94,1.0817,20.42,3.0015,9989,15490,,,4.9343,,,0.5666,35.84,0.4807,,,,,,,,,,,,,,,,,,,,,,,,,,,,,,,,,,,,,,,,,,,,
20-Oct-2023,0.6316,59.90,4.6216,94.66,0.5972,854.86,0.5205,0.8673,52.55,23.02,1.0834,20.43,3.0149,10018,15490,,,4.9400,,,0.5640,35.88,0.4820,,,,,,,,,,,,,,,,,,,,,,,,,,,,,,,,,,,,,,,,,,,,
23-Oct-2023,0.6311,59.90,4.6181,94.63,0.5967,855.07,0.5194,0.8664,52.47,23.04,1.0840,20.42,3.0170,10065,15531,,,4.9387,,,0.5646,35.88,0.4812,,,,,,,,,,,,,,,,,,,,,,,,,,,,,,,,,,,,,,,,,,,,
24-Oct-2023,0.6359,60.20,4.6443,95.16,0.5955,853.97,0.5185,0.8682,52.90,22.98,1.0857,20.53,3.0390,10103,15632,,,4.9739,,,0.5664,36.09,0.4845,,,,,,,,,,,,,,,,,,,,,,,,,,,,,,,,,,,,,,,,,,,,
25-Oct-2023,0.6386,60.50,4.6695,95.69,0.6021,860.55,0.5245,0.8731,53.07,23.08,1.0907,20.66,3.0500,10133,15690,,,4.9967,,,0.5701,36.28,0.4860,,,,,,,,,,,,,,,,,,,,,,,,,,,,,,,,,,,,,,,,,,,,
26-Oct-2023,0.6278,59.70,4.5942,94.44,0.5953,853.48,0.5197,0.8618,52.25,22.81,1.0862,20.40,3.0056,10005,15449,,,4.9109,,,0.5639,35.75,0.4788,,,,,,,,,,,,,,,,,,,,,,,,,,,,,,,,,,,,,,,,,,,,
27-Oct-2023,0.6345,60.20,4.6427,95.28,0.6004,856.64,0.5227,0.8688,52.82,22.98,1.0895,20.57,3.0313,10117,15592,,,4.9615,,,0.5702,36.09,0.4846,,,,,,,,,,,,,,,,,,,,,,,,,,,,,,,,,,,,,,,,,,,,
30-Oct-2023,0.6353,60.30,4.6491,95.02,0.6017,859.24,0.5243,0.8694,52.89,22.90,1.0901,20.60,3.0231,10118,15602,,,4.9691,,,0.5738,36.19,0.4849,,,,,,,,,,,,,,,,,,,,,,,,,,,,,,,,,,,,,,,,,,,,
31-Oct-2023,0.6346,60.20,4.6436,95.29,0.5990,858.04,0.5227,0.8678,52.84,22.92,1.0893,20.57,3.0231,10095,15589,,,4.9656,,,0.5727,36.06,0.4838,,,,,,,,,,,,,,,,,,,,,,,,,,,,,,,,,,,,,,,,,,,,
01-Nov-2023,0.6332,60.20,4.6345,95.82,0.5992,859.73,0.5217,0.8676,52.73,23.00,1.0904,20.56,3.0232,10100,15567,,,4.9543,,,0.5761,35.92,0.4819,,,,,,,,,,,,,,,,,,,,,,,,,,,,,,,,,,,,,,,,,,,,
02-Nov-2023,0.6424,60.90,4.7010,96.64,0.6063,862.71,0.5275,0.8773,53.47,23.14,1.0921,20.77,3.0530,10183,15789,,,5.0251,,,0.5803,36.44,0.4907,,,,,,,,,,,,,,,,,,,,,,,,,,,,,,,,,,,,,,,,,,,,
03-Nov-2023,0.6433,60.80,4.7048,96.68,0.6053,849.45,0.5273,0.8768,53.56,23.04,1.0905,20.75,3.0489,10146,15808,,,5.0338,,,0.5825,36.12,0.4896,,,,,,,,,,,,,,,,,,,,,,,,,,,,,,,,,,,,,,,,,,,,
06-Nov-2023,0.6510,61.10,4.7396,97.36,0.6064,845.41,0.5261,0.8798,54.16,23.07,1.0864,20.88,3.0369,10107,15891,,,5.0916,,,0.5842,36.33,0.4952,,,,,,,,,,,,,,,,,,,,,,,,,,,,,,,,,,,,,,,,,,,,
07-Nov-2023,0.6439,60.60,4.6869,96.77,0.6014,842.66,0.5223,0.8715,53.60,22.87,1.0851,20.75,3.0060,10047,15640,,,5.0352,,,0.5798,36.21,0.4873,,,,,,,,,,,,,,,,,,,,,,,,,,,,,,,,,,,,,,,,,,,,
08-Nov-2023,0.6440,60.60,4.6841,96.93,0.6023,840.16,0.5243,0.8723,53.62,22.87,1.0842,20.75,3.0091,10069,15694,,,5.0340,,,0.5800,36.08,0.4891,,,,,,,,,,,,,,,,,,,,,,,,,,,,,,,,,,,,,,,,,,,,
09-Nov-2023,0.6416,60.40,4.6732,96.83,0.5991,838.57,0.5223,0.8698,53.43,22.76,1.0823,20.68,3.0062,10037,15641,,,5.0112,,,0.5770,35.85,0.4874,,,,,,,,,,,,,,,,,,,,,,,,,,,,,,,,,,,,,,,,,,,,
10-Nov-2023,0.6361,60.10,4.6386,96.28,0.5961,837.16,0.5202,0.8654,52.97,22.75,1.0789,20.58,3.0033,9977,15473,,,4.9665,,,0.5747,35.58,0.4832,,,,,,,,,,,,,,,,,,,,,,,,,,,,,,,,,,,,,,,,,,,,
13-Nov-2023,0.6360,60.10,4.6408,96.52,0.5952,842.41,0.5201,0.8659,52.97,23.00,1.0794,20.58,2.9947,9995,15503,,,4.9672,,,0.5741,35.69,0.4836,,,,,,,,,,,,,,,,,,,,,,,,,,,,,,,,,,,,,,,,,,,,
14-Nov-2023,0.6372,60.30,4.6475,96.64,0.5957,845.90,0.5192,0.8674,53.10,23.02,1.0853,20.60,3.0076,10003,15535,,,4.9747,,,0.5750,35.73,0.4842,,,,,,,,,,,,,,,,,,,,,,,,,,,,,,,,,,,,,,,,,,,,
15-Nov-2023,0.6500,60.90,4.7044,97.87,0.5975,844.21,0.5203,0.8760,53.99,23.05,1.0787,20.81,3.0290,10077,15784,,,5.0723,,,0.5777,36.27,0.4934,,,,,,,,,,,,,,,,,,,,,,,,,,,,,,,,,,,,,,,,,,,,
16-Nov-2023,0.6471,60.80,4.6979,97.88,0.5971,842.33,0.5221,0.8744,53.84,23.04,1.0816,20.65,3.0478,10097,15720,,,5.0515,,,0.5749,36.15,0.4878,,,,,,,,,,,,,,,,,,,,,,,,,,,,,,,,,,,,,,,,,,,,
17-Nov-2023,0.6468,60.60,4.6860,97.38,0.5960,835.23,0.5214,0.8719,53.86,22.74,1.0854,20.57,3.0299,10028,15685,,,5.0428,,,0.5747,35.98,0.4883,,,,,,,,,,,,,,,,,,,,,,,,,,,,,,,,,,,,,,,,,,,,
20-Nov-2023,0.6550,61.00,4.7013,97.58,0.5997,844.33,0.5246,0.8784,54.54,22.99,1.0862,20.69,3.0556,10096,15831,,,5.1042,,,0.5788,36.33,0.4936,,,,,,,,,,,,,,,,,,,,,,,,,,,,,,,,,,,,,,,,,,,,
21-Nov-2023,0.6577,60.90,4.6916,96.97,0.6001,846.51,0.5249,0.8786,54.82,23.09,1.0844,20.60,3.0567,10152,15857,,,5.1243,,,0.5809,36.41,0.4941,,,,,,,,,,,,,,,,,,,,,,,,,,,,,,,,,,,,,,,,,,,,
22-Nov-2023,0.6555,60.90,4.6789,97.26,0.6007,849.21,0.5229,0.8771,54.59,23.05,1.0847,20.63,3.0591,10212,15842,,,5.1120,,,0.5790,36.35,0.4916,,,,,,,,,,,,,,,,,,,,,,,,,,,,,,,,,,,,,,,,,,,,
23-Nov-2023,0.6554,61.00,4.6824,97.77,0.6011,851.81,0.5242,0.8789,54.62,23.11,1.0835,20.70,3.0715,10220,15877,,,5.1096,,,0.5787,36.35,0.4925,,,,,,,,,,,,,,,,,,,,,,,,,,,,,,,,,,,,,,,,,,,,
24-Nov-2023,0.6563,61.10,4.6925,98.02,0.6019,856.25,0.5234,0.8804,54.71,23.25,1.0841,20.76,3.0761,10221,15930,,,5.1166,,,0.5801,36.38,0.4931,,,,,,,,,,,,,,,,,,,,,,,,,,,,,,,,,,,,,,,,,,,,
27-Nov-2023,0.6575,61.20,4.7035,97.97,0.6006,858.70,0.5215,0.8802,54.82,23.18,1.0839,20.77,3.0787,10224,15939,,,5.1201,,,0.5800,36.43,0.4940,,,,,,,,,,,,,,,,,,,,,,,,,,,,,,,,,,,,,,,,,,,,
28-Nov-2023,0.6623,61.50,4.7365,98.15,0.6046,855.86,0.5244,0.8844,55.22,23.13,1.0852,20.82,3.0946,10233,16055,,,5.1622,,,0.5830,36.71,0.4966,,,,,,,,,,,,,,,,,,,,,,,,,,,,,,,,,,,,,,,,,,,,
29-Nov-2023,0.6650,61.40,4.7355,97.81,0.6044,856.75,0.5230,0.8843,55.39,23.08,1.0729,20.69,3.0906,10240,16110,,,5.1853,,,0.5830,36.81,0.4987,,,,,,,,,,,,,,,,,,,,,,,,,,,,,,,,,,,,,,,,,,,,
30-Nov-2023,0.6648,61.50,4.7378,97.77,0.6061,858.54,0.5234,0.8856,55.40,23.22,1.0761,20.78,3.0940,10300,16131,,,5.1919,,,0.5803,36.87,0.4974,,,,,,,,,,,,,,,,,,,,,,,,,,,,,,,,,,,,,,,,,,,,
01-Dec-2023,0.6611,61.40,4.7192,97.89,0.6062,863.47,0.5230,0.8842,55.08,23.32,1.0725,20.77,3.0949,10272,16061,,,5.1644,,,0.5781,36.64,0.4958,,,,,,,,,,,,,,,,,,,,,,,,,,,,,,,,,,,,,,,,,,,,
04-Dec-2023,0.6656,61.70,4.7503,97.71,0.6122,867.66,0.5251,0.8884,55.46,23.24,1.0742,20.86,3.1034,10292,16133,,,5.2013,,,0.5794,36.83,0.4996,,,,,,,,,,,,,,,,,,,,,,,,,,,,,,,,,,,,,,,,,,,,
05-Dec-2023,0.6584,61.20,4.7040,96.89,0.6072,865.35,0.5210,0.8813,54.89,23.00,1.0700,20.72,3.0714,10201,15981,,,5.1455,,,0.5743,36.42,0.4941,,,,,,,,,,,,,,,,,,,,,,,,,,,,,,,,,,,,,,,,,,,,
06-Dec-2023,0.6581,61.20,4.7107,96.92,0.6096,863.99,0.5221,0.8823,54.87,23.14,1.0675,20.72,3.0753,10202,15982,,,5.1415,,,0.5758,36.42,0.4949,,,,,,,,,,,,,,,,,,,,,,,,,,,,,,,,,,,,,,,,,,,,
07-Dec-2023,0.6529,60.80,4.6754,95.80,0.6067,865.06,0.5203,0.8767,54.43,23.09,1.0665,20.60,3.0533,10142,15851,,,5.1008,,,0.5716,36.12,0.4918,,,,,,,,,,,,,,,,,,,,,,,,,,,,,,,,,,,,,,,,,,,,
08-Dec-2023,0.6618,61.30,4.7354,95.12,0.6137,863.72,0.5257,0.8846,55.16,23.28,1.0726,20.72,3.0886,10257,16047,,,5.1704,,,0.5794,36.60,0.4981,,,,,,,,,,,,,,,,,,,,,,,,,,,,,,,,,,,,,,,,,,,,
11-Dec-2023,0.6555,61.00,4.7111,95.43,0.6090,865.03,0.5229,0.8806,54.66,23.16,1.0730,20.65,3.0684,10236,15878,,,5.1189,,,0.5769,36.43,0.4931,,,,,,,,,,,,,,,,,,,,,,,,,,,,,,,,,,,,,,,,,,,,
12-Dec-2023,0.6591,61.30,4.7302,95.93,0.6122,867.52,0.5241,0.8849,54.95,23.50,1.0722,20.76,3.0876,10304,16002,,,5.1443,,,0.5782,36.64,0.4966,,,,,,,,,,,,,,,,,,,,,,,,,,,,,,,,,,,,,,,,,,,,
13-Dec-2023,0.6555,61.10,4.7084,95.50,0.6077,864.51,0.5224,0.8811,54.66,23.42,1.0749,20.67,3.0851,10239,15916,,,5.1198,,,0.5740,36.58,0.4932,,,,,,,,,,,,,,,,,,,,,,,,,,,,,,,,,,,,,,,,,,,,
14-Dec-2023,0.6712,61.90,4.7879,95.12,0.6158,869.96,0.5311,0.8928,55.93,23.59,1.0767,20.98,3.1301,10417,16256,,,5.2410,,,0.5829,37.43,0.5055,,,,,,,,,,,,,,,,,,,,,,,,,,,,,,,,,,,,,,,,,,,,
15-Dec-2023,0.6717,61.70,4.7730,95.19,0.6107,868.38,0.5260,0.8914,55.96,23.42,1.0803,20.97,3.1331,10403,16295,,,5.2444,,,0.5815,37.41,0.5018,,,,,,,,,,,,,,,,,,,,,,,,,,,,,,,,,,,,,,,,,,,,
18-Dec-2023,0.6714,61.90,4.7866,95.44,0.6152,871.16,0.5288,0.8946,55.72,23.45,1.0765,21.01,3.1455,10413,16318,,,5.2387,,,0.5838,37.49,0.5007,,,,,,,,,,,,,,,,,,,,,,,,,,,,,,,,,,,,,,,,,,,,
19-Dec-2023,0.6724,62.10,4.8028,96.44,0.6156,878.69,0.5310,0.8956,55.94,23.52,1.0793,21.09,3.1472,10424,16382,,,5.2418,,,0.5829,37.59,0.5031,,,,,,,,,,,,,,,,,,,,,,,,,,,,,,,,,,,,,,,,,,,,
20-Dec-2023,0.6775,62.50,4.8334,97.21,0.6176,879.92,0.5325,0.8996,56.32,23.67,1.0788,21.20,3.1548,10512,16492,,,5.2873,,,0.5835,37.80,0.5069,,,,,,,,,,,,,,,,,,,,,,,,,,,,,,,,,,,,,,,,,,,,
21-Dec-2023,0.6748,62.30,4.8226,96.42,0.6163,879.46,0.5338,0.8973,56.18,23.58,1.0799,21.11,3.1392,10480,16421,,,5.2681,0.9013,,,37.55,0.5048,,,,,,,,,,,,,,,,,,,,,,,,,,,,,,,,,,,,,,,,,,,,
22-Dec-2023,0.6782,62.50,4.8481,96.56,0.6165,882.30,0.5345,0.8994,56.45,23.55,1.0789,21.16,3.1431,10499,16463,,,5.2968,0.9011,,,37.59,0.5065,,,,,,,,,,,,,,,,,,,,,,,,,,,,,,,,,,,,,,,,,,,,
27-Dec-2023,0.6837,62.90,4.8870,97.50,0.6192,885.23,0.5370,0.9047,56.93,23.55,1.0791,21.13,3.1676,10538,16665,,,5.3394,0.9017,,,38.12,0.5096,,,,,,,,,,,,,,,,,,,,,,,,,,,,,,,,,,,,,,,,,,,,
28-Dec-2023,0.6842,62.60,4.8709,96.62,0.6158,882.30,0.5342,0.9018,57.00,23.37,1.0782,20.90,3.1590,10557,16628,,,5.3465,0.9035,,,38.00,0.5099,,,,,,,,,,,,,,,,,,,,,,,,,,,,,,,,,,,,,,,,,,,,
29-Dec-2023,0.6840,62.60,4.8544,96.77,0.6181,881.06,0.5366,0.9014,56.88,23.35,1.0768,21.00,3.1416,10572,16604,,,5.3448,0.9048,,,37.93,0.5098,,,,,,,,,,,,,,,,,,,,,,,,,,,,,,,,,,,,,,,,,,,,
02-Jan-2024,0.6820,62.60,4.8595,96.54,0.6188,887.90,0.5364,0.9017,56.82,23.37,1.0819,20.99,3.1389,10556,16596,,,5.3283,0.9040,,,37.91,0.5083,,,,,,,,,,,,,,,,,,,,,,,,,,,,,,,,,,,,,,,,,,,,
03-Jan-2024,0.6763,62.30,4.8335,95.97,0.6169,884.71,0.5350,0.8968,56.35,23.16,1.0790,20.97,3.1338,10475,16475,,,5.2851,0.9014,,,37.68,0.5050,,,,,,,,,,,,,,,,,,,,,,,,,,,,,,,,,,,,,,,,,,,,
04-Jan-2024,0.6738,62.20,4.8218,96.74,0.6167,882.61,0.5318,0.8957,56.14,23.31,1.0755,20.90,3.1268,10464,16431,,,5.2606,0.8988,,,37.46,0.5043,,,,,,,,,,,,,,,,,,,,,,,,,,,,,,,,,,,,,,,,,,,,
05-Jan-2024,0.6698,62.00,4.8012,97.02,0.6122,881.68,0.5283,0.8913,55.75,23.17,1.0755,20.79,3.1139,10396,16315,,,5.2313,0.8952,,,37.31,0.5011,,,,,,,,,,,,,,,,,,,,,,,,,,,,,,,,,,,,,,,,,,,,
08-Jan-2024,0.6699,62.00,4.7947,96.79,0.6127,882.06,0.5274,0.8918,55.66,23.42,1.0746,20.75,3.1154,10400,16305,,,5.2302,0.8959,,,37.27,0.5020,,,,,,,,,,,,,,,,,,,,,,,,,,,,,,,,,,,,,,,,,,,,
09-Jan-2024,0.6719,62.10,4.8103,96.49,0.6131,881.92,0.5271,0.8924,55.83,23.43,1.0749,20.83,3.1220,10427,16364,,,5.2471,0.8974,,,37.57,0.5029,,,,,,,,,,,,,,,,,,,,,,,,,,,,,,,,,,,,,,,,,,,,
10-Jan-2024,0.6703,62.10,4.8090,97.06,0.6131,884.60,0.5277,0.8927,55.75,23.49,1.0735,20.86,3.1162,10434,16344,,,5.2410,0.8970,,,37.72,0.5017,,,,,,,,,,,,,,,,,,,,,,,,,,,,,,,,,,,,,,,,,,,,
11-Jan-2024,0.6720,62.20,4.8129,97.70,0.6121,884.09,0.5264,0.8936,55.80,23.55,1.0754,20.89,3.1194,10456,16444,,,5.2528,0.8981,,,37.71,0.5030,,,,,,,,,,,,,,,,,,,,,,,,,,,,,,,,,,,,,,,,,,,,
12-Jan-2024,0.6704,62.00,4.8023,97.21,0.6107,881.24,0.5249,0.8919,55.64,23.50,1.0735,20.84,3.1130,10427,16425,,,5.2415,0.8970,,,37.56,0.5012,,,,,,,,,,,,,,,,,,,,,,,,,,,,,,,,,,,,,,,,,,,,
15-Jan-2024,0.6693,62.00,4.7986,97.15,0.6106,883.96,0.5247,0.8914,55.45,23.31,1.0741,20.94,3.1122,10413,16384,,,5.2334,0.8963,,,37.45,0.5010,,,,,,,,,,,,,,,,,,,,,,,,,,,,,,,,,,,,,,,,,,,,
16-Jan-2024,0.6615,61.50,4.7523,96.66,0.6059,880.60,0.5216,0.8847,54.88,23.24,1.0730,20.84,3.1001,10312,16210,,,5.1756,0.8910,,,37.02,0.4951,,,,,,,,,,,,,,,,,,,,,,,,,,,,,,,,,,,,,,,,,,,,
17-Jan-2024,0.6571,61.40,4.7281,96.82,0.6045,884.79,0.5205,0.8832,54.61,23.38,1.0714,20.76,3.0986,10276,16125,,,5.1419,0.8869,,,36.80,0.4934,,,,,,,,,,,,,,,,,,,,,,,,,,,,,,,,,,,,,,,,,,,,
18-Jan-2024,0.6558,61.30,4.7193,97.01,0.6020,881.32,0.5171,0.8813,54.53,23.37,1.0714,20.70,3.0934,10253,16110,,,5.1280,0.8849,,,36.62,0.4928,,,,,,,,,,,,,,,,,,,,,,,,,,,,,,,,,,,,,,,,,,,,
19-Jan-2024,0.6579,61.50,4.7341,97.61,0.6043,879.04,0.5177,0.8830,54.70,23.39,1.0787,20.66,3.1036,10282,16149,,,5.1457,0.8874,,,36.80,0.4942,,,,,,,,,,,,,,,,,,,,,,,,,,,,,,,,,,,,,,,,,,,,
22-Jan-2024,0.6594,61.50,4.7450,97.49,0.6048,881.20,0.5185,0.8839,54.77,23.44,1.0782,20.65,3.1153,10305,16175,,,5.1542,0.8860,,,37.08,0.4953,,,,,,,,,,,,,,,,,,,,,,,,,,,,,,,,,,,,,,,,,,,,
23-Jan-2024,0.6602,61.60,4.7326,97.66,0.6059,881.00,0.5187,0.8844,54.87,23.50,1.0823,20.71,3.1247,10339,16215,,,5.1615,0.8890,,,37.18,0.4958,,,,,,,,,,,,,,,,,,,,,,,,,,,,,,,,,,,,,,,,,,,,
24-Jan-2024,0.6575,61.40,4.7176,97.24,0.6052,880.09,0.5176,0.8814,54.66,23.56,1.0775,20.61,3.1126,10329,16184,,,5.1428,0.8857,,,36.98,0.4939,,,,,,,,,,,,,,,,,,,,,,,,,,,,,,,,,,,,,,,,,,,,
25-Jan-2024,0.6575,61.30,4.7093,97.17,0.6046,878.50,0.5173,0.8812,54.66,23.53,1.0768,20.58,3.1110,10382,16176,,,5.1406,0.8888,,,37.02,0.4932,,,,,,,,,,,,,,,,,,,,,,,,,,,,,,,,,,,,,,,,,,,,
29-Jan-2024,0.6590,61.50,4.7334,97.58,0.6077,880.92,0.5186,0.8837,54.80,23.46,1.0809,20.58,3.1181,10433,16195,,,5.1503,0.8863,,,37.22,0.4948,,,,,,,,,,,,,,,,,,,,,,,,,,,,,,,,,,,,,,,,,,,,
30-Jan-2024,0.6609,61.60,4.7441,97.41,0.6105,879.98,0.5202,0.8853,54.94,23.36,1.0769,20.61,3.1251,10434,16169,,,5.1645,0.8862,,,37.30,0.4972,,,,,,,,,,,,,,,,,,,,,,,,,,,,,,,,,,,,,,,,,,,,
31-Jan-2024,0.6574,61.40,4.7211,97.05,0.6075,877.50,0.5184,0.8814,54.64,23.32,1.0745,20.55,3.1098,10374,16057,,,5.1392,0.8821,,,37.05,0.4942,,,,,,,,,,,,,,,,,,,,,,,,,,,,,,,,,,,,,,,,,,,,
01-Feb-2024,0.6553,61.10,4.7040,96.19,0.6063,872.74,0.5168,0.8782,54.37,23.27,1.0702,20.56,3.1015,10333,15991,,,5.1222,0.8805,,,36.81,0.4927,,,,,,,,,,,,,,,,,,,,,,,,,,,,,,,,,,,,,,,,,,,,
02-Feb-2024,0.6597,61.40,4.7363,96.61,0.6067,874.01,0.5175,0.8812,54.66,23.33,1.0723,20.58,3.1197,10337,16097,,,5.1581,0.8824,,,36.89,0.4964,,,,,,,,,,,,,,,,,,,,,,,,,,,,,,,,,,,,,,,,,,,,
05-Feb-2024,0.6508,60.90,4.6841,96.60,0.6038,867.63,0.5162,0.8749,54.04,23.23,1.0718,20.42,3.0952,10215,15863,,,5.0910,0.8770,,,36.61,0.4883,,,,,,,,,,,,,,,,,,,,,,,,,,,,,,,,,,,,,,,,,,,,
06-Feb-2024,0.6515,60.90,4.6866,96.73,0.6061,864.51,0.5190,0.8766,54.10,23.25,1.0730,20.40,3.1008,10245,15867,,,5.0954,0.8805,,,36.69,0.4918,,,,,,,,,,,,,,,,,,,,,,,,,,,,,,,,,,,,,,,,,,,,
07-Feb-2024,0.6529,61.00,4.6936,96.61,0.6068,866.79,0.5180,0.8770,54.20,23.17,1.0703,20.48,3.1120,10243,15967,,,5.1059,0.8805,,,36.60,0.4931,,,,,,,,,,,,,,,,,,,,,,,,,,,,,,,,,,,,,,,,,,,,
08-Feb-2024,0.6523,61.00,4.6930,96.86,0.6051,866.15,0.5165,0.8767,54.11,23.34,1.0672,20.46,3.1089,10199,15932,,,5.1012,0.8777,,,36.46,0.4918,,,,,,,,,,,,,,,,,,,,,,,,,,,,,,,,,,,,,,,,,,,,
09-Feb-2024,0.6492,60.80,4.6721,97.00,0.6027,862.30,0.5146,0.8745,53.88,23.35,1.0608,20.36,3.0993,10150,15857,,,5.0775,0.8741,,,36.30,0.4900,,,,,,,,,,,,,,,,,,,,,,,,,,,,,,,,,,,,,,,,,,,,
12-Feb-2024,0.6518,61.00,4.6908,97.26,0.6040,865.75,0.5161,0.8769,54.10,23.39,1.0635,20.44,3.1058,10180,15920,,,5.0975,0.8775,,,36.59,0.4918,,,,,,,,,,,,,,,,,,,,,,,,,,,,,,,,,,,,,,,,,,,,
13-Feb-2024,0.6516,61.00,4.6894,97.45,0.6054,865.18,0.5167,0.8772,54.10,23.31,1.0684,20.43,3.1055,10155,15915,,,5.0946,0.8771,,,36.51,0.4916,,,,,,,,,,,,,,,,,,,,,,,,,,,,,,,,,,,,,,,,,,,,
14-Feb-2024,0.6464,60.70,4.6519,97.25,0.6033,864.00,0.5129,0.8726,53.71,23.32,1.0642,20.27,3.0927,10081,15788,,,5.0536,0.8765,,,36.32,0.4875,,,,,,,,,,,,,,,,,,,,,,,,,,,,,,,,,,,,,,,,,,,,
15-Feb-2024,0.6485,60.80,4.6671,97.37,0.6046,864.72,0.5162,0.8741,53.83,23.43,1.0661,20.37,3.0989,10132,15853,,,5.0708,0.8784,,,36.30,0.4908,,,,,,,,,,,,,,,,,,,,,,,,,,,,,,,,,,,,,,,,,,,,
16-Feb-2024,0.6518,61.10,4.6908,97.93,0.6058,869.23,0.5180,0.8776,54.11,23.52,1.0689,20.45,3.1146,10193,15974,,,5.0984,0.8789,,,36.48,0.4928,,,,,,,,,,,,,,,,,,,,,,,,,,,,,,,,,,,,,,,,,,,,
19-Feb-2024,0.6544,61.30,4.7093,98.18,0.6072,873.69,0.5187,0.8804,54.33,23.52,1.0658,20.54,3.1303,10231,16050,,,5.1183,0.8822,,,36.67,0.4940,,,,,,,,,,,,,,,,,,,,,,,,,,,,,,,,,,,,,,,,,,,,
20-Feb-2024,0.6531,61.30,4.7008,98.18,0.6065,873.92,0.5189,0.8792,54.20,23.58,1.0637,20.57,3.1297,10226,16023,,,5.1086,0.8821,,,36.65,0.4930,,,,,,,,,,,,,,,,,,,,,,,,,,,,,,,,,,,,,,,,,,,,
21-Feb-2024,0.6568,61.50,4.7167,98.52,0.6073,876.56,0.5199,0.8822,54.45,23.59,1.0614,20.69,3.1477,10287,16110,,,5.1358,0.8874,,,36.77,0.4954,,,,,,,,,,,,,,,,,,,,,,,,,,,,,,,,,,,,,,,,,,,,
22-Feb-2024,0.6559,61.40,4.7182,98.58,0.6056,872.50,0.5189,0.8812,54.38,23.53,1.0591,20.69,3.1434,10241,16129,,,5.1306,0.8844,,,36.68,0.4946,,,,,,,,,,,,,,,,,,,,,,,,,,,,,,,,,,,,,,,,,,,,
23-Feb-2024,0.6572,61.50,4.7292,98.93,0.6071,873.60,0.5189,0.8823,54.46,23.63,1.0597,20.76,3.1401,10243,16176,,,5.1416,0.8858,,,36.71,0.4946,,,,,,,,,,,,,,,,,,,,,,,,,,,,,,,,,,,,,,,,,,,,
26-Feb-2024,0.6557,61.40,4.7197,98.69,0.6060,872.53,0.5177,0.8816,54.36,23.68,1.0627,20.71,3.1323,10247,16198,,,5.1307,0.8859,,,36.70,0.4941,,,,,,,,,,,,,,,,,,,,,,,,,,,,,,,,,,,,,,,,,,,,
27-Feb-2024,0.6544,61.30,4.7104,98.46,0.6029,871.19,0.5159,0.8797,54.24,23.51,1.0620,20.69,3.1274,10243,16124,,,5.1196,0.8836,,,36.65,0.4927,,,,,,,,,,,,,,,,,,,,,,,,,,,,,,,,,,,,,,,,,,,,
28-Feb-2024,0.6519,61.10,4.6931,98.20,0.6018,870.75,0.5147,0.8771,54.06,23.47,1.0666,20.59,3.1034,10220,16048,,,5.1020,0.8830,,,36.62,0.4907,,,,,,,,,,,,,,,,,,,,,,,,,,,,,,,,,,,,,,,,,,,,
29-Feb-2024,0.6519,61.10,4.6907,97.67,0.6017,869.50,0.5146,0.8767,54.04,23.42,1.0680,20.65,3.1050,10251,16065,,,5.1024,0.8847,,,36.60,0.4915,,,,,,,,,,,,,,,,,,,,,,,,,,,,,,,,,,,,,,,,,,,,
01-Mar-2024,0.6510,61.00,4.6851,97.90,0.6020,866.74,0.5155,0.8761,53.95,23.38,1.0686,20.58,3.0848,10213,16047,,,5.0959,0.8834,,,36.48,0.4904,,,,,,,,,,,,,,,,,,,,,,,,,,,,,,,,,,,,,,,,,,,,
04-Mar-2024,0.6520,61.10,4.6936,97.96,0.6013,867.84,0.5148,0.8763,54.04,23.36,1.0694,20.56,3.0830,10249,16095,,,5.1037,0.8842,,,36.52,0.4915,,,,,,,,,,,,,,,,,,,,,,,,,,,,,,,,,,,,,,,,,,,,
05-Mar-2024,0.6502,60.90,4.6802,97.87,0.5992,867.50,0.5126,0.8737,53.91,23.28,1.0680,20.53,3.0732,10241,16059,,,5.0871,0.8832,,,36.40,0.4895,,,,,,,,,,,,,,,,,,,,,,,,,,,,,,,,,,,,,,,,,,,,
06-Mar-2024,0.6514,61.00,4.6896,97.67,0.6003,870.38,0.5128,0.8742,54.00,23.31,1.0694,20.58,3.0818,10239,16096,,,5.0964,0.8850,,,36.39,0.4905,,,,,,,,,,,,,,,,,,,,,,,,,,,,,,,,,,,,,,,,,,,,
07-Mar-2024,0.6586,61.50,4.7405,97.85,0.6040,876.11,0.5170,0.8807,54.52,23.44,1.0712,20.77,3.1007,10307,16271,,,5.1508,0.8896,,,36.76,0.4953,,,,,,,,,,,,,,,,,,,,,,,,,,,,,,,,,,,,,,,,,,,,
08-Mar-2024,0.6626,61.70,4.7650,97.97,0.6053,875.80,0.5174,0.8829,54.85,23.55,1.0734,20.85,3.1086,10339,16336,,,5.1817,0.8912,,,36.93,0.4975,,,,,,,,,,,,,,,,,,,,,,,,,,,,,,,,,,,,,,,,,,,,
11-Mar-2024,0.6611,61.50,4.7536,97.12,0.6044,868.93,0.5144,0.8799,54.65,23.44,1.0710,20.80,3.0976,10307,16300,,,5.1697,0.8916,,,36.75,0.4953,,,,,,,,,,,,,,,,,,,,,,,,,,,,,,,,,,,,,,,,,,,,
12-Mar-2024,0.6615,61.50,4.7479,97.50,0.6048,866.18,0.5160,0.8804,54.74,23.49,1.0719,20.78,3.0975,10313,16299,,,5.1749,0.8914,,,36.60,0.4953,,,,,,,,,,,,,,,,,,,,,,,,,,,,,,,,,,,,,,,,,,,,
13-Mar-2024,0.6614,61.60,4.7544,97.60,0.6055,869.64,0.5171,0.8812,54.80,23.61,1.0734,20.81,3.0997,10301,16313,,,5.1752,0.8926,,,36.67,0.4956,,,,,,,,,,,,,,,,,,,,,,,,,,,,,,,,,,,,,,,,,,,,
14-Mar-2024,0.6616,61.60,4.7584,97.86,0.6046,871.82,0.5172,0.8820,54.84,23.59,1.0740,20.85,3.1016,10312,16340,,,5.1745,0.8916,,,36.67,0.4958,,,,,,,,,,,,,,,,,,,,,,,,,,,,,,,,,,,,,,,,,,,,
15-Mar-2024,0.6567,61.30,4.7259,97.40,0.6038,873.49,0.5155,0.8783,54.45,23.52,1.0760,20.79,3.0881,10262,16243,,,5.1372,0.8890,,,36.50,0.4921,,,,,,,,,,,,,,,,,,,,,,,,,,,,,,,,,,,,,,,,,,,,
18-Mar-2024,0.6566,61.40,4.7259,97.91,0.6030,875.43,0.5157,0.8787,54.42,23.60,1.0775,20.75,3.0982,10286,16213,,,5.1347,0.8888,,,36.53,0.4931,,,,,,,,,,,,,,,,,,,,,,,,,,,,,,,,,,,,,,,,,,,,
19-Mar-2024,0.6529,61.20,4.7000,97.90,0.6006,874.21,0.5134,0.8754,54.15,23.52,1.0770,20.74,3.0872,10260,16141,,,5.1060,0.8847,,,36.43,0.4903,,,,,,,,,,,,,,,,,,,,,,,,,,,,,,,,,,,,,,,,,,,,
20-Mar-2024,0.6526,61.30,4.6982,98.85,0.6005,874.29,0.5131,0.8764,54.19,23.56,1.0805,20.79,3.0923,10271,16170,,,5.1054,0.8861,,,36.62,0.4913,,,,,,,,,,,,,,,,,,,,,,,,,,,,,,,,,,,,,,,,,,,,
21-Mar-2024,0.6624,62.00,4.7684,99.88,0.6058,878.13,0.5179,0.8860,55.06,23.83,1.0870,21.08,3.1176,10376,16414,,,5.1803,0.8920,,,37.09,0.4991,,,,,,,,,,,,,,,,,,,,,,,,,,,,,,,,,,,,,,,,,,,,
22-Mar-2024,0.6525,61.40,4.7152,98.91,0.6023,873.57,0.5161,0.8794,54.40,23.74,1.0853,20.87,3.0932,10302,16184,,,5.1016,0.8849,,,36.62,0.4905,,,,,,,,,,,,,,,,,,,,,,,,,,,,,,,,,,,,,,,,,,,,
25-Mar-2024,0.6528,61.40,4.7026,98.82,0.6038,875.65,0.5178,0.8795,54.46,23.74,1.0884,20.80,3.0864,10314,16165,,,5.1054,0.8878,,,36.77,0.4931,,,,,,,,,,,,,,,,,,,,,,,,,,,,,,,,,,,,,,,,,,,,
26-Mar-2024,0.6539,61.50,4.7200,98.98,0.6032,876.10,0.5172,0.8794,54.50,23.78,1.0887,20.92,3.0867,10332,16202,,,5.1151,0.8882,,,36.82,0.4933,,,,,,,,,,,,,,,,,,,,,,,,,,,,,,,,,,,,,,,,,,,,
27-Mar-2024,0.6529,61.50,4.7189,99.04,0.6029,879.76,0.5175,0.8795,54.41,23.78,1.0882,20.90,3.0879,10347,16182,,,5.1076,0.8874,,,36.74,0.4920,,,,,,,,,,,,,,,,,,,,,,,,,,,,,,,,,,,,,,,,,,,,
28-Mar-2024,0.6532,61.50,4.7193,98.87,0.6035,878.01,0.5171,0.8801,54.46,23.80,1.0901,20.88,3.0926,10369,16206,,,5.1112,0.8868,,,36.72,0.4930,,,,,,,,,,,,,,,,,,,,,,,,,,,,,,,,,,,,,,,,,,,,
02-Apr-2024,0.6490,61.30,4.6952,98.49,0.6047,877.62,0.5173,0.8781,54.10,23.79,1.0913,20.81,3.0821,10332,16117,,,5.0789,0.8813,,,36.58,0.4903,,,,,,,,,,,,,,,,,,,,,,,,,,,,,,,,,,,,,,,,,,,,
03-Apr-2024,0.6519,61.50,4.7162,98.83,0.6050,879.08,0.5182,0.8810,54.37,23.91,1.0914,20.88,3.0961,10377,16294,,,5.1032,0.8845,,,36.77,0.4934,,,,,,,,,,,,,,,,,,,,,,,,,,,,,,,,,,,,,,,,,,,,
04-Apr-2024,0.6587,62.10,4.7645,99.92,0.6075,887.97,0.5206,0.8878,54.96,24.16,1.0927,21.12,3.1222,10467,16466,,,5.1566,0.8903,,,37.18,0.4980,,,,,,,,,,,,,,,,,,,,,,,,,,,,,,,,,,,,,,,,,,,,
05-Apr-2024,0.6572,62.00,4.7537,99.38,0.6070,888.55,0.5205,0.8868,54.82,24.17,1.0939,21.08,3.1197,10417,16408,,,5.1448,0.8920,,,37.24,0.4953,,,,,,,,,,,,,,,,,,,,,,,,,,,,,,,,,,,,,,,,,,,,
08-Apr-2024,0.6579,62.10,4.7591,99.86,0.6073,890.79,0.5209,0.8878,54.79,24.11,1.0939,21.13,3.1296,10424,16426,,,5.1510,0.8949,,,37.17,0.4962,,,,,,,,,,,,,,,,,,,,,,,,,,,,,,,,,,,,,,,,,,,,
09-Apr-2024,0.6608,62.30,4.7800,100.38,0.6085,895.29,0.5221,0.8906,55.05,24.15,1.0939,21.21,3.1395,10470,16488,,,5.1745,0.8972,,,37.33,0.4985,,,,,,,,,,,,,,,,,,,,,,,,,,,,,,,,,,,,,,,,,,,,
10-Apr-2024,0.6621,62.40,4.7884,100.51,0.6101,897.11,0.5224,0.8905,55.10,24.07,1.0910,21.17,3.1435,10491,16523,,,5.1859,0.8985,,,37.40,0.4988,,,,,,,,,,,,,,,,,,,,,,,,,,,,,,,,,,,,,,,,,,,,
11-Apr-2024,0.6523,61.70,4.7202,99.79,0.6072,889.61,0.5201,0.8826,54.27,23.88,1.0895,21.02,3.0970,10336,16306,,,5.1120,0.8923,,,36.82,0.4914,,,,,,,,,,,,,,,,,,,,,,,,,,,,,,,,,,,,,,,,,,,,
12-Apr-2024,0.6526,61.80,4.7227,99.98,0.6092,896.93,0.5203,0.8847,54.41,23.89,1.0893,21.06,3.1119,10340,16314,,,5.1142,0.8947,,,36.86,0.4944,,,,,,,,,,,,,,,,,,,,,,,,,,,,,,,,,,,,,,,,,,,,
15-Apr-2024,0.6488,61.60,4.6964,99.80,0.6087,897.28,0.5204,0.8823,54.13,23.75,1.0904,20.98,3.0996,10280,16282,,,5.0823,0.8920,,,36.83,0.4930,,,,,,,,,,,,,,,,,,,,,,,,,,,,,,,,,,,,,,,,,,,,
16-Apr-2024,0.6426,61.20,4.6511,99.19,0.6051,895.29,0.5167,0.8771,53.65,23.53,1.0906,20.91,3.0806,10386,16235,,,5.0299,0.8864,,,36.63,0.4882,,,,,,,,,,,,,,,,,,,,,,,,,,,,,,,,,,,,,,,,,,,,
17-Apr-2024,0.6408,61.10,4.6395,99.08,0.6038,888.08,0.5158,0.8746,53.53,23.64,1.0867,20.81,3.0714,10410,16267,,,5.0186,0.8864,,,36.72,0.4876,,,,,,,,,,,,,,,,,,,,,,,,,,,,,,,,,,,,,,,,,,,,
18-Apr-2024,0.6448,61.30,4.6656,99.49,0.6037,886.30,0.5170,0.8763,53.86,23.71,1.0886,20.85,3.0809,10435,16372,,,5.0488,0.8868,,,36.79,0.4903,,,,,,,,,,,,,,,,,,,,,,,,,,,,,,,,,,,,,,,,,,,,
19-Apr-2024,0.6397,60.90,4.6319,98.72,0.6017,884.44,0.5154,0.8722,53.43,23.60,1.0881,20.81,3.0597,10416,16285,,,5.0093,0.8815,,,36.83,0.4858,,,,,,,,,,,,,,,,,,,,,,,,,,,,,,,,,,,,,,,,,,,,
22-Apr-2024,0.6434,61.30,4.6603,99.55,0.6034,887.87,0.5195,0.8760,53.67,23.79,1.0888,21.01,3.0787,10433,16375,,,5.0401,0.8833,,,36.98,0.4892,,,,,,,,,,,,,,,,,,,,,,,,,,,,,,,,,,,,,,,,,,,,
23-Apr-2024,0.6455,61.50,4.6768,99.90,0.6061,889.28,0.5229,0.8798,53.82,23.90,1.0915,21.08,3.0848,10483,16431,,,5.0584,0.8843,,,37.09,0.4911,,,,,,,,,,,,,,,,,,,,,,,,,,,,,,,,,,,,,,,,,,,,
24-Apr-2024,0.6519,62.00,4.7235,100.97,0.6092,893.04,0.5235,0.8864,54.30,24.05,1.0966,21.22,3.1131,10531,16590,,,5.1066,0.8908,,,37.43,0.4959,,,,,,,,,,,,,,,,,,,,,,,,,,,,,,,,,,,,,,,,,,,,
26-Apr-2024,0.6539,62.30,4.7383,102.08,0.6096,900.39,0.5229,0.8896,54.49,24.20,1.0964,21.30,3.1230,10610,16563,,,5.1196,0.8923,,,37.81,0.4961,,,,,,,,,,,,,,,,,,,,,,,,,,,,,,,,,,,,,,,,,,,,
29-Apr-2024,0.6569,62.60,4.7592,103.00,0.6124,905.57,0.5240,0.8937,54.80,24.33,1.0998,21.42,3.1364,10677,16645,,,5.1408,0.8963,,,37.88,0.4986,,,,,,,,,,,,,,,,,,,,,,,,,,,,,,,,,,,,,,,,,,,,
30-Apr-2024,0.6525,62.20,4.7264,102.33,0.6098,901.27,0.5205,0.8886,54.49,24.18,1.0992,21.26,3.1118,10621,16534,,,5.1057,0.8935,,,37.59,0.4951,,,,,,,,,,,,,,,,,,,,,,,,,,,,,,,,,,,,,,,,,,,,
01-May-2024,0.6475,61.80,4.6886,102.25,0.6077,894.91,0.5190,0.8843,54.02,24.00,1.0995,21.08,3.0902,10528,16407,,,5.0644,0.8923,,,37.41,0.4913,,,,,,,,,,,,,,,,,,,,,,,,,,,,,,,,,,,,,,,,,,,,
02-May-2024,0.6541,62.30,4.7364,101.85,0.6104,901.09,0.5219,0.8894,54.59,24.15,1.1025,21.26,3.1184,10600,16601,,,5.1128,0.8975,,,37.64,0.4975,,,,,,,,,,,,,,,,,,,,,,,,,,,,,,,,,,,,,,,,,,,,
03-May-2024,0.6579,62.30,4.7639,100.65,0.6129,896.15,0.5242,0.8899,54.85,24.20,1.1011,21.27,3.1171,10582,16719,,,5.1400,0.8988,,,37.79,0.4991,,,,,,,,,,,,,,,,,,,,,,,,,,,,,,,,,,,,,,,,,,,,
06-May-2024,0.6613,62.60,4.7718,101.80,0.6145,901.35,0.5271,0.8941,55.20,24.33,1.1016,21.39,3.1362,10596,16781,,,5.1687,0.9049,,,37.83,0.5003,,,,,,,,,,,,,,,,,,,,,,,,,,,,,,,,,,,,,,,,,,,,
07-May-2024,0.6600,62.50,4.7634,101.99,0.6135,896.57,0.5263,0.8931,55.11,24.26,1.0982,21.39,3.1301,10595,16771,,,5.1625,0.9030,,,37.77,0.4990,,,,,,,,,,,,,,,,,,,,,,,,,,,,,,,,,,,,,,,,,,,,
08-May-2024,0.6579,62.40,4.7533,102.09,0.6125,897.88,0.5268,0.8922,54.93,24.32,1.0985,21.34,3.1227,10582,16730,,,5.1431,0.9049,,,37.78,0.4979,,,,,,,,,,,,,,,,,,,,,,,,,,,,,,,,,,,,,,,,,,,,
09-May-2024,0.6577,62.50,4.7522,102.36,0.6122,900.69,0.5266,0.8916,54.91,24.27,1.0956,21.33,3.1188,10553,16729,,,5.1405,0.9029,,,37.71,0.4983,,,,,,,,,,,,,,,,,,,,,,,,,,,,,,,,,,,,,,,,,,,,
10-May-2024,0.6610,62.70,4.7755,102.87,0.6134,904.18,0.5279,0.8945,55.19,24.29,1.0971,21.42,3.1327,10606,16824,,,5.1643,0.9046,,,37.89,0.5013,,,,,,,,,,,,,,,,,,,,,,,,,,,,,,,,,,,,,,,,,,,,
